,,700010000,,半切,,,,,枚
,,700020000,,半切（２分割）,,,,,枚
,,700030000,,大角,,,,,枚
,,700040000,,大角（２分割）,,,,,枚
,,700050000,,大四ツ切,,,,,枚
,,700060000,,大四ツ切（２分割）,,,,,枚
,,700070000,,大四ツ切（４分割）,,,,,枚
,,700080000,,四ツ切,,,,,枚
,,700090000,,四ツ切（２分割）,,,,,枚
,,700100000,,四ツ切（４分割）,,,,,枚
,,700110000,,六ツ切,,,,,枚
,,700120000,,六ツ切（２分割）,,,,,枚
,,700130000,,六ツ切（４分割）,,,,,枚
,,700140000,,八ツ切,,,,,枚
,,700150000,,八ツ切（２分割）,,,,,枚
,,700160000,,カビネ,,,,,枚
,,700180000,,標準型（３×４）,,,,,枚
,,700190000,,咬合型（５．７×７．６、５．５×７．５又は５．４×７）,,,,,枚
,,700200000,,咬翼型（４．１×３又は２．１×３．５）,,,,,枚
,,700210000,,オルソパントモ型（２０．３×３０．５）,,,,,枚
,,700220000,,オルソパントモ型（１５×３０）,,,,,枚
,,700230000,,小児型（２．２×３．５）,,,,,枚
,,700240000,,間接撮影用フィルム（１０×１０）,,,,,枚
,,700250000,,間接撮影用フィルム（７×７）,,,,,枚
,,700260000,,間接撮影用フィルム（６×６）,,,,,枚
,,700270000,,オデルカ用フィルム（１０×１０）,,,,,枚
,,700280000,,オデルカ用フィルム（７×７）,,,,,枚
,,700290000,,マンモグラフィー用フィルム（２４×３０）,,,,,枚
,,700300000,,マンモグラフィー用フィルム（２４×３０）（２分割）,,,,,枚
,,700310000,,マンモグラフィー用フィルム（２０．３×２５．４）,,,,,枚
,,700320000,,マンモグラフィー用フィルム（２０．３×２５．４）（２分割）,,,,,枚
,,700330000,,マンモグラフィー用フィルム（１８×２４）,,,,,枚
,,700340000,,マンモグラフィー用フィルム（１８×２４）（２分割）,,,,,枚
,,700350000,,マンモグラフィー用フィルム（１８×２４）（４分割）,,,,,枚
,,700590000,,内視鏡検査用フィルム,,,,,枚
,,700600000,,眼科学的検査用フィルム,,,,,枚
,,700630000,,フィルム（３０×３５）,,,,,枚
,,700640000,,フィルム（２４×３０）,,,,,枚
,,700650000,,フィルム（１８×２４）,,,,,枚
,,700680000,,小児型（２．４×３）,,,,,枚
,,700710000,,画像記録用フィルム（半切）,,,,,枚
,,700720000,,画像記録用フィルム（半切）（２分割）,,,,,枚
,,700730000,,画像記録用フィルム（大角）,,,,,枚
,,700740000,,画像記録用フィルム（大角）（２分割）,,,,,枚
,,700750000,,画像記録用フィルム（大四ツ切）,,,,,枚
,,700760000,,画像記録用フィルム（大四ツ切）（２分割）,,,,,枚
,,700770000,,画像記録用フィルム（大四ツ切）（４分割）,,,,,枚
,,700780000,,画像記録用フィルム（Ｂ４）,,,,,枚
,,700790000,,画像記録用フィルム（Ｂ４）（２分割）,,,,,枚
,,700800000,,画像記録用フィルム（Ｂ４）（４分割）,,,,,枚
,,700810000,,画像記録用フィルム（四ツ切）,,,,,枚
,,700820000,,画像記録用フィルム（四ツ切）（２分割）,,,,,枚
,,700830000,,画像記録用フィルム（四ツ切）（４分割）,,,,,枚
,,700840000,,画像記録用フィルム（六ツ切）,,,,,枚
,,700850000,,画像記録用フィルム（六ツ切）（２分割）,,,,,枚
,,700860000,,画像記録用フィルム（六ツ切）（４分割）,,,,,枚
,,700870000,,画像記録用フィルム（２４×３０）,,,,,枚
,,700880000,,画像記録用フィルム（２４×３０）（２分割）,,,,,枚
,,700890000,,画像記録用フィルム（２４×３０）（４分割）,,,,,枚
,,705040000,,ダイレーター,,,,,
,,710010001,,血管造影用シースイントロデューサーセット（選択的導入用）,,,,,
,,710010004,,中心静脈用カテーテル（標準・シングルルーメン）,,,,,
,,710010006,,ヘモダイアフィルター,,,,,
,,710010007,,固定用内副子用ワッシャー,,,,,
,,710010009,,脊椎スクリュー（固定型）,,,,,
,,710010010,,脊椎スクリュー（可動型）（標準型）,,,,,
,,710010011,,気管・気管支・大静脈ステント（一時留置型・ストレート型）,,,,,
,,710010012,,気管・気管支・大静脈ステント（永久留置型・標準型）,,,,,
,,710010014,,ディスポーザブル人工肺（膜型肺・リザーバーあり・一般用）,,,,,
,,710010015,,ディスポーザブル人工肺（膜型肺・リザーバーなし・一般用）,,,,,
,,710010016,,補助人工心臓セット（体外型・成人）,,,,,
,,710010018,,冠動脈用ステントセット（一般型）,,,,,
,,710010019,,冠動脈用ステントセット（救急処置型）,,,,,
,,710010022,,尿路拡張用カテーテル（尿管・尿道用）,,,,,
,,710010023,,尿路拡張用カテーテル（腎瘻用）,,,,,
,,710010025,,胸・腹水シャントバルブカテーテル挿入用シースイントロデューサー,,,,,
,,710010026,,冠動脈用ステントセット（再狭窄抑制型）,,,,,
,,710010027,,塞栓用コイル（コイル・水圧式・ワイヤー式デタッチャブル型）,,,,,
,,710010028,,網膜硝子体手術用材料,,,,,
,,710010035,,体外式連続心拍出量測定用センサー,,,,,
,,710010043,,カスタムメイド人工骨（Ｓ）,,,,,
,,710010044,,カスタムメイド人工骨（Ｍ）,,,,,
,,710010046,,合成吸収性骨片接合材（中空スクリュー）,,,,,
,,710010048,,人工内耳用ヘッドセット（マイクロホン）,,,,,
,,710010049,,人工内耳用ヘッドセット（送信コイル）,,,,,
,,710010050,,人工内耳用ヘッドセット（送信ケーブル）,,,,,
,,710010051,,人工内耳用ヘッドセット（マグネット）,,,,,
,,710010052,,人工内耳用ヘッドセット（接続ケーブル）,,,,,
,,710010053,,植込型輸液ポンプ,,,,,
,,710010055,,経皮的心房中隔欠損閉鎖セット,,,,,
,,710010056,,人工内耳用ヘッドピース,,,,,
,,710010057,,人工内耳用ヘッドピースケーブル,,,,,
,,710010058,,ケーブル付き送信コイル（耳掛け型）,,,,,
,,710010059,,両室ペーシング機能付き植込型除細動器（単極又は双極用・標準）,,,,,
,,710010060,,血管内塞栓促進用補綴材（肝動脈塞栓材）,,,,,
,,710010061,,大動脈用ステントグラフト（腹部大動脈用・メイン部分・標準型）,,,,,
,,710010062,,大動脈用ステントグラフト（腹部大動脈用・補助部分）,,,,,
,,710010063,,中心静脈用カテーテル（酸素飽和度測定機能付き）,,,,,
,,710010064,,内視鏡用粘膜下注入材,,,,,
,,710010065,,ペースメーカー（デュアルチャンバ４型）,,,,,
,,710010066,,合成吸収性骨片接合材（シート・メッシュ型・１５ｃｍ２以上）,,,,,
,,710010067,,合成吸収性骨片接合材（シート・メッシュ型・２５ｃｍ２以上）,,,,,
,,710010068,,カプセル型内視鏡（小腸用）,,,,,
,,710010069,,在宅中心静脈栄養用輸液セット（本体）,,,,,
,,710010070,,在宅中心静脈栄養用輸液セット（付属品・フーバー針）,,,,,
,,710010071,,在宅中心静脈栄養用輸液セット（付属品・輸液バッグ）,,,,,
,,710010072,,栄養用ディスポカテ（在宅）（経鼻用・乳幼児用・一般型）,,,,,
,,710010073,,栄養用ディスポカテ（在宅）（経鼻用・乳幼児用・非ＤＥＨＰ型）,,,,,
,,710010074,,栄養カテーテル（経鼻用・乳幼児用・一般型）,,,,,
,,710010075,,栄養カテーテル（経鼻用・乳幼児用・非ＤＥＨＰ型）,,,,,
,,710010076,,交換用胃瘻カテーテル（胃留置型・バンパー型・ガイドワイヤーあり）,,,,,
,,710010077,,交換用胃瘻カテーテル（胃留置型・バンパー型・ガイドワイヤーなし）,,,,,
,,710010079,,脳動静脈奇形手術用等クリップ,,,,,
,,710010080,,人工硬膜（非吸収型）,,,,,ｃｍ２
,,710010081,,人工硬膜（吸収型）,,,,,ｃｍ２
,,710010082,,経皮的カテーテル心筋焼灼術用カテーテル（熱・ペーシング）,,,,,
,,710010083,,ＰＴＣＡ用カテーテル（スリッピング防止型）,,,,,
,,710010084,,血管内血栓異物除去用留置カテーテル（一般型）,,,,,
,,710010085,,血管内血栓異物除去用留置カテーテル（頸動脈ステント・フィルター）,,,,,
,,710010086,,頸動脈用ステントセット（標準型）,,,,,
,,710010087,,ホルモン製剤等注射用ディスポーザブル注射器,,,,,
,,710010088,,在宅中心静脈栄養用輸液セット（本体）,,,,,
,,710010089,,在宅中心静脈栄養用輸液セット（付属品・フーバー針）,,,,,
,,710010090,,在宅中心静脈栄養用輸液セット（付属品・輸液バッグ）,,,,,
,,710010091,,栄養用ディスポカテ（在宅）（経鼻用・乳幼児用・一般型）,,,,,
,,710010092,,栄養用ディスポカテ（在宅）（経鼻用・乳幼児用・非ＤＥＨＰ型）,,,,,
,,710010093,,万年筆型注入器用注射針（標準型）,,,,,
,,710010095,,万年筆型注入器用注射針（超微細型）,,,,,
,,710010096,,携帯型ディスポーザブル注入ポンプ（標準型）,,,,,
,,710010099,,中心静脈用カテーテル（標準・シングルルーメン）,,,,,
,,710010101,,中心静脈用カテーテル（標準・マルチルーメン）,,,,,
,,710010103,,中心静脈用カテーテル（抗血栓性型）,,,,,
,,710010104,,中心静脈用カテーテル（極細型）,,,,,
,,710010105,,中心静脈用カテーテル（カフ付き）,,,,,
,,710010106,,中心静脈用カテーテル（酸素飽和度測定機能付き）,,,,,
,,710010107,,人工骨（汎用型・非吸収型・（顆粒・フィラー））,,,,,ｇ
,,710010108,,人工骨（汎用型・非吸収型・多孔体）,,,,,ｍＬ
,,710010110,,人工骨（汎用型・非吸収型・形状賦形型）,,,,,ｍＬ
,,710010111,,人工骨（汎用型・吸収型・（顆粒・フィラー））,,,,,ｇ
,,710010112,,人工骨（汎用型・吸収型・多孔体・一般型）,,,,,ｍＬ
,,710010113,,カスタムメイド人工関節,,,,,
,,710010114,,カスタムメイド人工骨（Ｓ）,,,,,
,,710010115,,カスタムメイド人工骨（Ｍ）,,,,,
,,710010117,,合成吸収性骨片接合材（スクリュー（頭蓋・顎・顔面・小骨用））,,,,,
,,710010118,,合成吸収性骨片接合材（ストレートプレート）,,,,,
,,710010119,,合成吸収性骨片接合材（その他のプレート）,,,,,
,,710010120,,合成吸収性骨片接合材（ワッシャー）,,,,,
,,710010121,,合成吸収性骨片接合材（ピン（一般用））,,,,,
,,710010122,,固定用内副子（スクリュー）（その他・標準・小型）,,,,,
,,710010123,,固定用内副子（プレート）（その他・標準・ストレート型・異形型）,,,,,
,,710010124,,固定用内副子（プレート）（その他・標準・メッシュ型）,,,,,
,,710010125,,固定用内副子（プレート）（その他・標準・下顎・骨盤再建）,,,,,
,,710010126,,固定用内副子（プレート）（その他・標準・顎関節用）,,,,,
,,710010127,,固定用内副子（プレート）（その他・特殊・骨延長用）,,,,,
,,710010128,,固定用内副子（プレート）（その他・特殊・スクリュー非使用型）,,,,,
,,710010129,,固定釘（平面型）,,,,,
,,710010130,,固定釘（立体特殊型）,,,,,
,,710010131,,固定用金属線（金属線・ワイヤー）,,,,,ｃｍ
,,710010132,,固定用金属線（金属線・ケーブル）,,,,,
,,710010133,,固定用金属ピン（一般用）,,,,,
,,710010135,,鼻孔プロテーゼ,,,,,
,,710010136,,皮膚欠損用創傷被覆材（真皮に至る創傷用）,,,,,ｃｍ２
,,710010137,,皮膚欠損用創傷被覆材（皮下組織に至る創傷用・標準型）,,,,,ｃｍ２
,,710010138,,皮膚欠損用創傷被覆材（皮下組織に至る創傷用・異形型）,,,,,ｇ
,,710010139,,皮膚欠損用創傷被覆材（筋・骨に至る創傷用）,,,,,ｃｍ２
,,710010140,,真皮欠損用グラフト,,,,,ｃｍ２
,,710010141,,非固着性シリコンガーゼ（平坦部位用）,,,,,
,,710010142,,非固着性シリコンガーゼ（凹凸部位用）,,,,,
,,710010143,,栄養カテーテル（経鼻用・一般用）,,,,,
,,710010144,,栄養カテーテル（経鼻用・乳幼児用・一般型）,,,,,
,,710010145,,栄養カテーテル（経鼻用・乳幼児用・非ＤＥＨＰ型）,,,,,
,,710010146,,栄養カテーテル（経鼻用・経腸栄養用）,,,,,
,,710010147,,栄養カテーテル（経鼻用・特殊型）,,,,,
,,710010148,,気管内チューブ（カフあり・カフ上部吸引機能あり）,,,,,
,,710010149,,気管内チューブ（カフあり・カフ上部吸引機能なし）,,,,,
,,710010150,,気管内チューブ（カフなし）,,,,,
,,710010151,,胃管カテーテル（シングルルーメン）,,,,,
,,710010152,,胃管カテーテル（ダブルルーメン・標準型）,,,,,
,,710010153,,胃管カテーテル（ダブルルーメン・特殊型）,,,,,
,,710010154,,吸引留置カテーテル（能動吸引型・創部用・軟質型）,,,,,
,,710010155,,吸引留置カテーテル（能動吸引型・創部用・硬質型）,,,,,
,,710010156,,吸引留置カテーテル（受動吸引型・チューブドレーン・フィルム型）,,,,,
,,710010157,,吸引留置カテーテル（受動吸引型・チューブドレーン・チューブ型）,,,,,
,,710010158,,膀胱留置用ディスポーザブルカテーテル（２管一般（１））,,,,,
,,710010159,,膀胱留置用ディスポーザブルカテーテル（２管一般（２）・標準型）,,,,,
,,710010160,,膀胱留置用ディスポーザブルカテーテル（２管一般（３）・標準型）,,,,,
,,710010161,,膀胱留置用ディスポーザブルカテーテル（特定（１））,,,,,
,,710010162,,膀胱留置用ディスポーザブルカテーテル（特定（２））,,,,,
,,710010163,,膀胱留置用ディスポーザブルカテーテル（圧迫止血）,,,,,
,,710010164,,人工血管（永久留置型・小血管用・標準型・外部サポートあり）,,,,,ｃｍ
,,710010165,,人工血管（永久留置型・小血管用・標準型・外部サポートなし）,,,,,ｃｍ
,,710010166,,輸血用血液フィルター（微小凝集塊除去用）,,,,,
,,710010167,,輸血用血液フィルター（赤血球製剤用白血球除去用）,,,,,
,,710010168,,輸血用血液フィルター（血小板製剤用白血球除去用）,,,,,
,,710010169,,歯周組織再生材料,,,,,枚
,,710010172,,歯科鋳造用１４カラット金合金インレー用（ＪＩＳ適合品）,,,,,ｇ
,,710010173,,歯科鋳造用１４カラット金合金鉤用（ＪＩＳ適合品）,,,,,ｇ
,,710010174,,歯科用１４カラット金合金鉤用線（金５８．３３％以上）,,,,,ｇ
,,710010175,,歯科用１４カラット合金用金ろう（ＪＩＳ適合品）,,,,,ｇ
,,710010176,,歯科鋳造用金銀パラジウム合金（金１２％以上ＪＩＳ適合品）,,,,,ｇ
,,710010180,,歯科用金銀パラジウム合金ろう（金１５％以上ＪＩＳ適合品）,,,,,ｇ
,,710010181,,歯科鋳造用銀合金第１種（銀６０％以上インジウム５％未満）,,,,,ｇ
,,710010182,,歯科鋳造用銀合金第２種（銀６０％以上インジウム５％以上）,,,,,ｇ
,,710010183,,歯科用銀ろう（ＪＩＳ適合品）,,,,,ｇ
,,710010190,,歯科鋳造用コバルトクロム合金鉤・バー用,,,,,ｇ
,,710010191,,歯科用コバルトクロム合金線鉤用（ＪＩＳ適合品）,,,,,ｃｍ
,,710010192,,歯科用コバルトクロム合金線バー用（ＪＩＳ適合品）,,,,,ｃｍ
,,710010193,,歯科用ステンレス鋼線鉤用（ＪＩＳ適合品）,,,,,ｃｍ
,,710010194,,歯科用ステンレス鋼線バー用（ＪＩＳ適合品）,,,,,ｃｍ
,,710010197,,陶歯前歯用（真空焼成歯）,,,,,組
,,710010198,,陶歯臼歯用（真空焼成歯）,,,,,組
,,710010201,,レジン歯前歯用（ＪＩＳ適合品）,,,,,組
,,710010202,,レジン歯臼歯用（ＪＩＳ適合品）,,,,,組
,,710010203,,スルフォン樹脂レジン歯前歯用,,,,,組
,,710010204,,スルフォン樹脂レジン歯臼歯用,,,,,組
,,710010205,,硬質レジン歯前歯用,,,,,組
,,710010206,,硬質レジン歯臼歯用,,,,,組
,,710010207,,歯冠用加熱重合レジン（粉末ＪＩＳ適合品）,,,,,ｇ
,,710010208,,歯冠用加熱重合レジン（液ＪＩＳ適合品）,,,,,ｍＬ
,,710010209,,歯冠用加熱重合硬質レジン,,,,,ｇ
,,710010210,,歯冠用光重合硬質レジン,,,,,ｇ
,,710010211,,義歯床用アクリリック樹脂（粉末ＪＩＳ適合品）,,,,,ｇ
,,710010212,,義歯床用アクリリック樹脂（液ＪＩＳ適合品）,,,,,ｍＬ
,,710010213,,義歯床用アクリリック即時硬化樹脂（粉末）,,,,,ｇ
,,710010214,,義歯床用アクリリック即時硬化樹脂（液）,,,,,ｍＬ
,,710010215,,義歯床用熱可塑性樹脂,,,,,ｇ
,,710010216,,歯科用合着・接着材料１（レジン系・標準型）,,,,,ｇ
,,710010217,,歯科用合着・接着材料２,,,,,ｇ
,,710010218,,歯科用合着・接着材料３,,,,,ｇ
,,710010219,,歯科充填用材料１（複合レジン系）,,,,,ｇ
,,710010220,,歯科充填用材料２（複合レジン系）,,,,,ｇ
,,710010222,,複合レジン築造用（硬化後フィラー６０％以上）,,,,,ｇ
,,710010223,,金属小釘ロック型,,,,,本
,,710010224,,金属小釘スクリュー型,,,,,本
,,710010225,,金属小釘スクリュー型（金メッキ）,,,,,本
,,710010226,,乳歯金属冠,,,,,本
,,710010227,,スクリューポスト支台築造用,,,,,本
,,710010228,,歯科矯正用帯環切歯用,,,,,個
,,710010229,,歯科矯正用帯環犬歯用及び臼歯用,,,,,個
,,710010230,,帯環用ブラケット,,,,,個
,,710010231,,ダイレクトボンド用ブラケット,,,,,個
,,710010232,,チューブ,,,,,個
,,710010233,,ＳＴロック,,,,,組
,,710010234,,スクリュー床用,,,,,個
,,710010235,,スクリュースケレトン用,,,,,個
,,710010236,,トラクションバンド,,,,,個
,,710010237,,ネックストラップ,,,,,個
,,710010238,,ヘッドギアリトラクター用,,,,,個
,,710010239,,ヘッドギアプロトラクター用,,,,,個
,,710010240,,チンキャップリトラクター用,,,,,個
,,710010241,,チンキャッププロトラクター用,,,,,個
,,710010242,,フェイスボウ,,,,,個
,,710010243,,矯正用線（丸型）,,,,,本
,,710010244,,矯正用線（角型）,,,,,本
,,710010245,,矯正用線（特殊丸型）,,,,,本
,,710010246,,矯正用線（特殊角型）,,,,,本
,,710010247,,超弾性矯正用線（丸型及び角型）,,,,,本
,,710010250,,歯科用コバルトクロム合金線鉤用（ＪＩＳ適合品）,,,,,ｃｍ
,,710010251,,歯科用コバルトクロム合金線バー用（ＪＩＳ適合品）,,,,,ｃｍ
,,710010252,,歯科鋳造用コバルトクロム合金床用,,,,,ｇ
,,710010253,,歯科用ステンレス鋼線鉤用（ＪＩＳ適合品）,,,,,ｃｍ
,,710010254,,歯科用ステンレス鋼線バー用（ＪＩＳ適合品）,,,,,ｃｍ
,,710010255,,陶歯前歯用（真空焼成歯）,,,,,組
,,710010256,,陶歯臼歯用（真空焼成歯）,,,,,組
,,710010257,,レジン歯前歯用（ＪＩＳ適合品）,,,,,組
,,710010258,,レジン歯臼歯用（ＪＩＳ適合品）,,,,,組
,,710010259,,義歯床用アクリリック樹脂（粉末ＪＩＳ適合品）,,,,,ｇ
,,710010260,,義歯床用アクリリック樹脂（液ＪＩＳ適合品）,,,,,ｍＬ
,,710010261,,歯科用合着・接着材料１（レジン系・標準型）,,,,,ｇ
,,710010262,,歯科用合着・接着材料２,,,,,ｇ
,,710010263,,歯科用合着・接着材料３,,,,,ｇ
,,710010264,,ダイレクトボンド用ボンディング材,,,,,ｇ
,,710010265,,シリコン樹脂,,,,,ｇ
,,710010266,,超弾性コイルスプリング,,,,,個
,,710010267,,人工膝関節用材（大腿骨側材・全置換用（間）・特殊型）,,,,,
,,710010268,,大動脈用ステントグラフト（胸部大動脈用・メイン部分・標準型）,,,,,
,,710010269,,血管内光断層撮影用カテーテル,,,,,
,,710010270,,心腔内及び大動脈デバイス用（標準型）,,,,,
,,710010271,,ＰＴＡバルーンカテーテル（大動脈・血流非遮断型（胸部・腹部用））,,,,,
,,710010272,,ヒト自家移植組織（自家培養表皮・採取・培養キット）,,,,,
,,710010273,,デンプン由来吸収性局所止血材（標準型）,,,,,ｇ
,,710010274,,血管造影用シースイントロデューサーセット（遠位端可動型）,,,,,
,,710010275,,胸郭変形矯正用材料（肋骨間用）,,,,,
,,710010276,,胸郭変形矯正用材料（肋骨腰椎間用）,,,,,
,,710010277,,胸郭変形矯正用材料（肋骨腸骨間用）,,,,,
,,710010278,,胸郭変形矯正用材料（固定クリップ（伸展術時交換用））,,,,,
,,710010279,,経皮的動脈管閉鎖セット（開口部留置型）,,,,,
,,710010281,,ＰＴＡバルーンカテーテル（スリッピング防止型）,,,,,
,,710010282,,大動脈用ステントグラフト（胸部大動脈用・補助部分）,,,,,
,,710010284,,ＰＴＡバルーンカテーテル（大動脈・血流遮断型（胸部及び腹部用））,,,,,
,,710010285,,人工股関節用材（骨盤側材・ライナー・特殊型）,,,,,
,,710010286,,人工膝関節用材（膝蓋骨材・膝蓋骨置換用（３））,,,,,
,,710010288,,人工膝関節用材（インサート（２））,,,,,
,,710010289,,塞栓用コイル（コイル・特殊型）,,,,,
,,710010292,,デンプン由来吸収性局所止血材（織布型）,,,,,ｃｍ２
,,710010294,,歯科用合着・接着材料１（レジン系・自動練和型）,,,,,ｇ
,,710010295,,歯科用合着・接着材料１（レジン系・自動練和型）,,,,,ｇ
,,710010300,,携帯型ディスポーザブル注入ポンプ（標準型）,,,,,
,,710010301,,皮膚欠損用創傷被覆材（真皮に至る創傷用）,,,,,ｃｍ２
,,710010302,,皮膚欠損用創傷被覆材（皮下組織に至る創傷用・標準型）,,,,,ｃｍ２
,,710010303,,皮膚欠損用創傷被覆材（皮下組織に至る創傷用・異形型）,,,,,ｇ
,,710010304,,皮膚欠損用創傷被覆材（筋・骨に至る創傷用）,,,,,ｃｍ２
,,710010305,,非固着性シリコンガーゼ（広範囲熱傷用）,,,,,
,,710010306,,非固着性シリコンガーゼ（平坦部位用）,,,,,
,,710010307,,非固着性シリコンガーゼ（凹凸部位用）,,,,,
,,710010350,,血管造影用カテーテル（サイジング機能付加型）,,,,,
,,710010500,,人工股関節用材（骨盤側材・カップライナー一体型（間）（２））,,,,,
,,710010550,,合成吸収性硬膜補強材,,,,,
,,710010551,,消化管用ステントセット（カバーなし）,,,,,
,,710010553,,局所陰圧閉鎖処置用材料,,,,,ｃｍ２
,,710010601,,脳・脊髄・仙骨神経刺激装置用リード（アダプター）,,,,,
,,710010602,,植込型脳・脊髄電気刺激装置（疼痛除去用）（１６極以上用）,,,,,
,,710010603,,植込式心臓ペースメーカー用リード（経静脈・誤感知防止型）,,,,,
,,710010604,,経皮的カテーテル心筋焼灼術用カテーテル（熱・イリゲーション型）,,,,,
,,710010605,,塞栓用コイル（コイル留置用ステント）,,,,,
,,710010606,,植込型迷走神経電気刺激装置,,,,,
,,710010607,,迷走神経刺激装置用リードセット,,,,,
,,710010608,,経皮的心腔内リード除去用レーザーシースセット,,,,,
,,710010609,,白血球吸着用材料（低体重者・小児用）,,,,,
,,710010610,,骨セメント（脊椎・大腿骨頸部用）,,,,,ｇ
,,710010611,,脳・脊髄・仙骨神経刺激装置用リード（リードセット・１６極以上）,,,,,
,,710010612,,植込型脳・脊髄電気刺激装置（疼痛除去・１６極・充電）,,,,,
,,710010613,,ベントカテーテル（成人・ガス注入型）,,,,,
,,710010614,,血栓除去用カテーテル（脳血栓除去用・ワイヤー型）,,,,,
,,710010615,,狭窄部貫通用カテーテル,,,,,
,,710010616,,膀胱尿管逆流症治療用注入材,,,,,
,,710010617,,人工股関節用材（骨盤側材・臼蓋形成用カップ（直）・特殊型）,,,,,
,,710010618,,人工股関節用材（大腿骨側材・大腿骨ステムヘッド（２））,,,,,
,,710010619,,オプション部品（人工股関節用部品・骨盤用（１））,,,,,
,,710010621,,血管内血栓異物除去用留置カテ（頸動脈ステント・遠位バルーン）,,,,,
,,710010622,,椎体形成用材料セット,,,,,
,,710010623,,脊椎棘間留置材料,,,,,
,,710010625,,人工股関節用材（大腿骨側材・大腿骨ステム（直）・特殊型）,,,,,
,,710010626,,人工膝関節用材（脛骨側材・全置換用（直）・特殊型）,,,,,
,,710010627,,人工骨（専用型・椎体骨創部閉鎖用）,,,,,ｍＬ
,,710010628,,人工骨（専用型・椎体・スクリュー併用用）,,,,,ｍＬ
,,710010629,,ペースメーカー（トリプルチャンバ２型・単極又は双極）,,,,,
,,710010630,,生体弁・異種心膜弁（２）（期限付改良加算なし）,,,,,
,,710010631,,補助人工心臓セット（植込型・非拍動流型（磁気浮上型））,,,,,
,,710010632,,補助人工心臓セット（植込型・非拍動流型（水循環型））,,,,,
,,710010633,,補助人工心臓セット（水循環回路セット）,,,,,
,,710010634,,外科用接着用材料（標準型）,,,,,ｇ
,,710010635,,交換用経皮経食道胃管カテーテル,,,,,
,,710010639,,オプション部品（人工関節固定強化部品（２））,,,,,
,,710010640,,血栓除去用カテーテル（脳血栓除去用・破砕吸引型）,,,,,
,,710010641,,心腔内超音波プローブ（標準型）,,,,,
,,710010642,,心腔内超音波プローブ（磁気センサー付き）,,,,,
,,710010643,,植込型脳・脊髄電気刺激装置（疼痛除去・１６極・充・変換）,,,,,
,,710010645,,体外ペースメーカー用電極（検査機能付加・温度センサー付き）,,,,,
,,710010646,,血管造影用圧センサー付材料（血管造影用圧ガイドワイヤー）,,,,,
,,710010649,,携帯型ディスポーザブル注入ポンプ（化学療法用）,,,,,
,,710010650,,水循環回路セット,,,,,
,,710010651,,携帯型ディスポーザブル注入ポンプ（化学療法用）,,,,,
,,710010654,,腹膜透析液交換セット（交換キット）,,,,,
,,710010655,,オプション部品（人工関節用部品・カップサポート）,,,,,
,,710010656,,固定用内副子（スクリュー）（その他・特殊・アンカ）,,,,,
,,710010657,,固定用金属ピン（一般用・リング型）,,,,,
,,710010658,,植込型除細動器（５型）,,,,,
,,710010659,,人工弁輪・僧帽弁用,,,,,
,,710010660,,人工弁輪・三尖弁用,,,,,
,,710010661,,ディスポーザブル人工肺（膜型肺・リザーバーあり・低体重・小児用）,,,,,
,,710010662,,ディスポーザブル人工肺（膜型肺・リザーバーなし・低体重・小児用）,,,,,
,,710010663,,ディスポーザブル人工肺（膜型肺・補助循環呼吸型・低体重・小児用）,,,,,
,,710010664,,輸血用血液フィルター（カリウム除去用）,,,,,
,,710010665,,生体組織接着剤調製用キット,,,,,
,,710010666,,尿道括約筋用補綴材・カフ,,,,,
,,710010667,,尿道括約筋用補綴材・圧力調整バルーン,,,,,
,,710010668,,尿道括約筋用補綴材・コントロールポンプ,,,,,
,,710010669,,インプラント体・標準型（１）,,,,,
,,710010670,,インプラント体・標準型（２）,,,,,
,,710010671,,インプラント体・標準型（３）,,,,,
,,710010672,,インプラント体・特殊型,,,,,
,,710010673,,暫間装着体（１）,,,,,
,,710010674,,暫間装着体（２）,,,,,
,,710010675,,暫間装着体（３）,,,,,
,,710010676,,暫間装着体（４）,,,,,
,,710010677,,スクリュー,,,,,
,,710010678,,アバットメント（１）,,,,,
,,710010679,,アバットメント（２）,,,,,
,,710010680,,アバットメント（３）,,,,,
,,710010681,,アバットメント（４）,,,,,
,,710010682,,アタッチメント（１）,,,,,
,,710010683,,アタッチメント（２）,,,,,
,,710010684,,アタッチメント（３）,,,,,
,,710010685,,シリンダー,,,,,
,,710010687,,植込型脳・脊髄電気刺激装置（振戦軽減・１６極以上・充電）,,,,,
,,710010688,,植込式心臓ペースメーカー用リード（経静脈・４極）,,,,,
,,710010689,,末梢血管用ステントセット（再狭窄抑制型）,,,,,
,,710010690,,両室ペーシング機能付き植込型除細動器（４極用・標準型）,,,,,
,,710010691,,中心静脈血酸素飽和度測定用プローブ,,,,,
,,710010694,,経皮的カテーテル心筋焼灼術用カテーテル（熱・ペーシング・特殊型）,,,,,
,,710010696,,体外ペースメーカー用電極（検査機能付加・除細動機能付き）,,,,,
,,710010698,,人工肩関節用材（肩甲骨側材・グレノイドコンポーネント・特殊型）,,,,,
,,710010699,,人工肩関節用材（上腕骨側材・上腕骨ステム・特殊型）,,,,,
,,710010700,,人工骨（汎用型・吸収型・多孔体・蛋白質配合型）,,,,,ｍＬ
,,710010701,,合成吸収性骨片接合材（頭蓋骨閉鎖用クランプ・小児用）,,,,,
,,710010702,,血管内血栓異物除去用留置カテ（頸動脈ステント・近位バルーン）,,,,,
,,710010703,,皮下グルコース測定用電極,,,,,
,,710010704,,植込型骨導補聴器（音振動変換器）,,,,,
,,710010705,,植込型骨導補聴器（接合子付骨導端子）,,,,,
,,710010706,,植込型骨導補聴器（骨導端子）,,,,,
,,710010707,,植込型骨導補聴器（接合子）,,,,,
,,710010708,,脳手術用カテーテル,,,,,
,,710010709,,人工骨（汎用型・吸収型・多孔体・蛋白質配合型）,,,,,ｍＬ
,,710010710,,人工股関節用材（骨盤側材・臼蓋形成用カップ（直）・デュアル）,,,,,
,,710010712,,人工股関節用材（骨盤側材料・ライナー・デュアルモビリティ対応型）,,,,,
,,710010713,,固定用内副子（スクリュー）（一般（生体用合金１）・特殊型）,,,,,
,,710010714,,ペースメーカー（トリプルチャンバ１型）,,,,,
,,710010715,,補助人工心臓セット（植込型・非拍動流型（軸流型））,,,,,
,,710010716,,下肢動脈狭窄部貫通用カテーテル,,,,,
,,710010717,,血管塞栓用プラグ,,,,,
,,710010718,,ヒト自家移植組織（自家培養軟骨・採取・培養キット）,,,,,
,,710010719,,子宮用止血バルーンカテーテル,,,,,
,,710010720,,心房中隔穿刺針（高周波型・標準型）,,,,,
,,710010721,,人工股関節用材（骨盤側材・カップライナー一体型（間）（３））,,,,,
,,710010722,,髄内釘（位置情報表示装置（プローブ・ドリル））,,,,,
,,710010724,,植込型除細動器用カテーテル電極（アダプター）,,,,,
,,710010725,,血管内手術用カテーテル（交換用カテーテル）,,,,,
,,710010726,,組織拡張器（乳房用）,,,,,
,,710010727,,大動脈用ステントグラフト（胸部大動脈用・メイン部分・分岐）,,,,,
,,710010729,,神経再生誘導材,,,,,
,,710010730,,気管支用充填材,,,,,
,,710010731,,陰圧創傷治療用カートリッジ,,,,,
,,710010732,,人工乳房,,,,,
,,710010733,,人工股関節用材（大腿骨側材・骨頭用・バイポーラカップ（２））,,,,,
,,710010734,,人工膝関節用材（大腿骨側材・片側置換用（間）・特殊型）,,,,,
,,710010736,,髄内釘（横止めスクリュー・特殊型）,,,,,
,,710010745,,経カテーテル人工生体弁セット（バルーン拡張・期限付改良加算なし）,,,,,
,,710010749,,合成吸収性骨片接合材（頭蓋骨閉鎖用クランプ・汎用）,,,,,
,,710010754,,ＰＴＣＡ用カテーテル（再狭窄抑制型）,,,,,
,,710010756,,体温調節用カテーテル（発熱管理型）,,,,,
,,710010757,,人工血管（永久留置型・小血管用・ヘパリン使用・外部サポートあり）,,,,,ｃｍ
,,710010758,,人工血管（永久留置型・小血管用・ヘパリン使用・外部サポートなし）,,,,,ｃｍ
,,710010759,,両室ペーシング機能付き植込型除細動器（単極又は双極・自動）,,,,,
,,710010761,,両室ペーシング機能付き植込型除細動器（４極用・自動）,,,,,
,,710010763,,カプセル型内視鏡（大腸用）,,,,,
,,710010765,,消化管用ステントセット（カバーあり）,,,,,
,,710010769,,人工股関節用材（骨盤側材料・デュアルモビリティ化ライナー）,,,,,
,,710010771,,固定用内副子（プレート）（骨端用（生体用合金１）・矯正（小児））,,,,,
,,710010773,,人工肩関節用材（上腕骨側材・スペーサー）,,,,,
,,710010774,,人工肩関節用材（上腕骨側材・インサート・標準型）,,,,,
,,710010775,,人工肩関節用材（肩甲骨側材・関節窩ヘッド・標準型）,,,,,
,,710010776,,人工肩関節用材（肩甲骨側材・ベースプレート・標準型）,,,,,
,,710010777,,人工喉頭（音声回復用人工補装具・長期留置型）,,,,,
,,710010778,,気管・気管支・大静脈ステント（一時留置型・Ｙ字型）,,,,,
,,710010779,,人工心肺回路（個別機能品・血液学的パラメーター測定・センサー付）,,,,,
,,710010781,,人工血管（永久留置型・大血管用・１分岐・特殊型）,,,,,
,,710010782,,人工血管（永久留置型・大血管用・２分岐以上・特殊型）,,,,,
,,710010784,,人工血管（永久留置型・小血管用・特殊型・外部サポートあり）,,,,,ｃｍ
,,710010785,,人工血管（永久留置型・小血管用・特殊型・外部サポートなし）,,,,,ｃｍ
,,710010786,,外科用接着用材料（特殊型）,,,,,ｇ
,,710010787,,仙骨神経刺激装置（標準型）,,,,,
,,710010789,,歯科用合着・接着材料１（グラスアイオノマー系・標準型）,,,,,ｇ
,,710010790,,歯科充填用材料１（グラスアイオノマー系・標準型）,,,,,ｇ
,,710010791,,歯科充填用材料２（グラスアイオノマー系・標準型）,,,,,ｇ
,,710010792,,ＣＡＤ／ＣＡＭ冠用材料（２）,,,,,個
,,710010793,,歯科用合着・接着材料１（グラスアイオノマー系・標準型）,,,,,ｇ
,,710010794,,歯科矯正用アンカースクリュー,,,,,本
,,710010795,,気管切開後留置用チューブ（在宅）（カフ付チューブ吸引有・一重管）,,,,,
,,710010796,,気管切開後留置用チューブ（在宅）（カフ付チューブ吸引有・二重管）,,,,,
,,710010797,,気管切開後留置用チューブ（在宅）（カフ付チューブ吸引無・一重管）,,,,,
,,710010798,,気管切開後留置用チューブ（在宅）（カフ付チューブ吸引無・二重管）,,,,,
,,710010799,,気管切開後留置用チューブ（在宅）（カフなし気管切開チューブ）,,,,,
,,710010800,,気管切開後留置用チューブ（在宅）（輪状甲状膜切開チューブ）,,,,,
,,710010801,,気管切開後留置用チューブ（在宅）（保持用気管切開チューブ）,,,,,
,,710010802,,膀胱留置用ディスポーザブルカテーテル（在宅）（２管一般（１））,,,,,
,,710010803,,膀胱留置用ディスポーザブルカテーテル（在宅・２管（２）・標準型）,,,,,
,,710010804,,膀胱留置用ディスポーザブルカテーテル（在宅・２管（３）・標準型）,,,,,
,,710010805,,膀胱留置用ディスポーザブルカテーテル（在宅）（特定（１））,,,,,
,,710010806,,膀胱留置用ディスポーザブルカテーテル（在宅）（特定（２））,,,,,
,,710010817,,ダイアライザー特定積層型（在宅）,,,,,
,,710010818,,吸着型血液浄化器（β２−ミクログロブリン除去用）（在宅）,,,,,
,,710010819,,皮膚欠損用創傷被覆材（真皮に至る創傷用）,,,,,ｃｍ２
,,710010820,,皮膚欠損用創傷被覆材（皮下組織に至る創傷用・標準型）,,,,,ｃｍ２
,,710010821,,皮膚欠損用創傷被覆材（皮下組織に至る創傷用・異形型）,,,,,ｇ
,,710010822,,皮膚欠損用創傷被覆材（筋・骨に至る創傷用）,,,,,ｃｍ２
,,710010823,,非固着性シリコンガーゼ（広範囲熱傷用）,,,,,
,,710010824,,非固着性シリコンガーゼ（平坦部位用）,,,,,
,,710010825,,非固着性シリコンガーゼ（凹凸部位用）,,,,,
,,710010826,,水循環回路セット,,,,,
,,710010827,,尿管ステントセット（一般型・長期留置型）,,,,,
,,710010828,,持続緩徐式血液濾過器（特殊型）,,,,,
,,710010830,,固定用内副子（プレート）（骨端用（生体用合金１）・患者適合型）,,,,,
,,710010831,,脊椎プレート（バスケット型）,,,,,
,,710010833,,人工肩関節用材（上腕骨側材・インサート・特殊型）,,,,,
,,710010834,,人工肩関節用材（肩甲骨側材・ベースプレート・特殊型）,,,,,
,,710010835,,人工肩関節用材料（切換用）,,,,,
,,710010836,,オプション部品（人工股関節用部品・骨盤用（２））,,,,,
,,710010837,,人工内耳用音声信号処理装置（残存聴力活用型）,,,,,
,,710010839,,ペースメーカー・トリプルチャンバ（２型・４極用）,,,,,
,,710010840,,経皮的カテーテル心筋焼灼術用カテーテル（冷凍・バルーン型）,,,,,
,,710010841,,経皮的カテーテル心筋焼灼術用カテーテル（冷凍・標準型）,,,,,
,,710010843,,血栓除去用カテーテル（脳血栓除去用・自己拡張型）,,,,,
,,710010846,,脳血管用ステントセット,,,,,
,,710010847,,大動脈用ステントグラフト（腹部大動脈用・メイン部分・ＡＵＩ型）,,,,,
,,710010848,,オープン型ステントグラフト,,,,,
,,710010850,,人工肩関節用材（肩甲骨側材・関節窩ヘッド・部分補正型）,,,,,
,,710010853,,胸郭変形矯正用材料（部品連結用・縦型）,,,,,
,,710010854,,胸郭変形矯正用材料（部品連結用・横型）,,,,,
,,710010855,,ペースメーカー（トリプルチャンバ３型・自動調整機能付き）,,,,,
,,710010856,,気管支手術用カテーテル,,,,,
,,710010857,,オプション部品（人工膝関節用部品・人工関節用部品（２））,,,,,
,,710010864,,大動脈用ステントグラフト（大動脈解離用・ベアステント）,,,,,
,,710010866,,補助人工心臓セット（体外型・小児・血液ポンプ）,,,,,
,,710010868,,補助人工心臓セット（体外型・小児・心尖部脱血用カニューレ）,,,,,
,,710010870,,補助人工心臓セット（体外型・小児・心房脱血用カニューレ）,,,,,
,,710010872,,補助人工心臓セット（体外型・小児・動脈送血用カニューレ）,,,,,
,,710010874,,補助人工心臓セット（体外型・小児・アクセサリーセット）,,,,,
,,710010876,,補助人工心臓セット（体外型・小児・ドライビングチューブ）,,,,,
,,710010878,,補助人工心臓セット（体外型・小児・コネクティングセット）,,,,,
,,710010880,,補助人工心臓セット（体外型・小児・エクステンションセット）,,,,,
,,710010882,,ガイディングカテーテル（脳血管用・高度屈曲対応型）,,,,,
,,710010883,,脳動脈瘤治療用フローダイバーターシステム（動脈内留置型）,,,,,
,,710010884,,半導体レーザー用プローブ,,,,,
,,710010888,,植込型脳・脊髄電気刺激装置（疼痛・３２極・充電）,,,,,
,,710010890,,植込型除細動器（３型・皮下植込式電極併用型）,,,,,
,,710010891,,植込型除細動器用カテーテル電極（皮下植込式）,,,,,
,,710010892,,人工血管（永久留置型・小血管・セルフシーリング・ヘパリン使用）,,,,,ｃｍ
,,710010893,,経カテーテル人工生体弁セット（自己拡張型人工生体弁システム）,,,,,
,,710010896,,ファイバーポスト支台築造用,,,,,本
,,710010897,,膀胱留置用ディスポーザブルカテーテル（在宅・２管（２）・閉鎖式）,,,,,
,,710010898,,膀胱留置用ディスポーザブルカテーテル（在宅・２管（３）・閉鎖式）,,,,,
,,710010900,,ダイアライザー（１ａ型）（在宅）,,,,,
,,710010902,,ダイアライザー（１ｂ型）（在宅）,,,,,
,,710010904,,ダイアライザー（２ａ型）（在宅）,,,,,
,,710010906,,ダイアライザー（２ｂ型）（在宅）,,,,,
,,710010908,,ダイアライザー（Ｓ型）（在宅）,,,,,
,,710010909,,携帯型ディスポーザブル注入ポンプ（ＰＣＡ型）,,,,,
,,710010910,,血管造影用マイクロカテーテル（遠位端可動型治療用）,,,,,
,,710010912,,携帯型ディスポーザブル注入ポンプ（ＰＣＡ型）,,,,,
,,710010916,,腎瘻・膀胱瘻用材料（穿刺針）,,,,,
,,710010917,,腎瘻・膀胱瘻用材料（膀胱瘻用穿孔針）,,,,,
,,710010918,,経皮・内視鏡的胆管ドレナージ用材料（カテーテル）,,,,,
,,710010923,,経皮・内視鏡的胆管ドレナージ用材料（穿刺針）,,,,,
,,710010924,,経皮・内視鏡的胆管ドレナージ用材料（経鼻法用ワイヤー）,,,,,
,,710010925,,経皮・内視鏡的胆管ドレナージ用材料（経鼻法用カテーテル）,,,,,
,,710010926,,膀胱留置用ディスポーザブルカテーテル（２管一般（２）・閉鎖式）,,,,,
,,710010927,,膀胱留置用ディスポーザブルカテーテル（２管一般（３）・閉鎖式）,,,,,
,,710010929,,ダイアライザー（１ａ型）,,,,,
,,710010931,,ダイアライザー（１ｂ型）,,,,,
,,710010933,,ダイアライザー（２ａ型）,,,,,
,,710010935,,ダイアライザー（２ｂ型）,,,,,
,,710010937,,ダイアライザー（Ｓ型）,,,,,
,,710010941,,人工股関節用材（大腿骨側材・大腿骨ネック）,,,,,
,,710010943,,脊椎スクリュー（アンカー型）,,,,,
,,710010944,,人工肩関節用材（上腕骨側材・ステムヘッド及トレイ・ステムヘッド）,,,,,
,,710010945,,人工肩関節用材（上腕骨側材・ステムヘッド及トレイ・トレイ）,,,,,
,,710010946,,人工肘関節用材（関節摺動部材料）,,,,,
,,710010947,,人工肘関節用材（ベアリング・標準型）,,,,,セット
,,710010948,,人工肘関節用材（ベアリング・特殊型）,,,,,セット
,,710010949,,組織代用人工繊維布（心血管系用・心血管修復パッチ・小児）,,,,,ｃｍ２
,,710010950,,経皮的カテーテル心筋焼灼術用カテーテル（熱・バルーン型）,,,,,
,,710010952,,経皮的挿入用カニューレ（成人・先端強化型・シングルルーメン）,,,,,
,,710010953,,送脱血カニューレ（小児・シングル標準）,,,,,
,,710010954,,送脱血カニューレ（小児・シングル強化）,,,,,
,,710010955,,送脱血カニューレ（小児・２段標準）,,,,,
,,710010956,,送脱血カニューレ（小児・２段強化）,,,,,
,,710010957,,心筋保護用カニューレ（小児・ルート）,,,,,
,,710010958,,心筋保護用カニューレ（小児・コロナリー）,,,,,
,,710010959,,心筋保護用カニューレ（小児・レトロ）,,,,,
,,710010960,,ベントカテーテル（小児・一般型）,,,,,
,,710010961,,ベントカテーテル（小児・ガス注入型）,,,,,
,,710010962,,経皮的挿入用カニューレ（小児・一般型）,,,,,
,,710010963,,血管内異物除去用カテーテル（リードロッキングデバイス）,,,,,
,,710010964,,血管内異物除去用カテーテル（リード抜去スネアセット）,,,,,
,,710010965,,ヒト自家移植組織（自家培養表皮・調製・移植キット）,,,,,枚
,,710010966,,ヒト自家移植組織（自家培養軟骨・調製・移植キット）,,,,,
,,710010967,,血管造影用圧センサー付材料（血管造影用圧カテーテル）,,,,,
,,710010968,,膀胱留置用ディスポーザブルカテーテル（２管一般（２）・閉鎖式）,,,,,
,,710010969,,膀胱留置用ディスポーザブルカテーテル（２管一般（３）・閉鎖式）,,,,,
,,710010970,,気管切開後留置用チューブ（一般・カフ付き・吸引有・一重管）,,,,,
,,710010971,,気管切開後留置用チューブ（一般・カフ付き・吸引有・二重管）,,,,,
,,710010972,,気管切開後留置用チューブ（一般・カフ付き・吸引無・一重管）,,,,,
,,710010973,,気管切開後留置用チューブ（一般・カフ付き・吸引無・二重管）,,,,,
,,710010974,,気管切開後留置用チューブ（一般・カフなし）,,,,,
,,710010975,,気管切開後留置用チューブ（輪状甲状膜切開）,,,,,
,,710010976,,気管切開後留置用チューブ（保持用気管切開）,,,,,
,,710010977,,神経再生誘導材,,,,,
,,710010978,,携帯型ディスポーザブル注入ポンプ（化学療法用）,,,,,
,,710010979,,携帯型ディスポーザブル注入ポンプ（ＰＣＡ型）,,,,,
,,710010980,,膀胱留置用ディスポーザブルカテーテル（在宅・２管（２）・閉鎖式）,,,,,
,,710010981,,膀胱留置用ディスポーザブルカテーテル（在宅・２管（３）・閉鎖式）,,,,,
,,710010983,,ダイアライザー（１ａ型）（在宅）,,,,,
,,710010985,,ダイアライザー（１ｂ型）（在宅）,,,,,
,,710010987,,ダイアライザー（２ａ型）（在宅）,,,,,
,,710010989,,ダイアライザー（２ｂ型）（在宅）,,,,,
,,710010991,,ダイアライザー（Ｓ型）（在宅）,,,,,
,,710010992,,カスタムメイド人工骨プレート（プレート型）,,,,,
,,710010999,,オプション部品（その他の関節固定用材料用部品）,,,,,
,,710011000,,気管・気管支・大静脈ステント（永久留置型・特殊型）,,,,,
,,710011001,,体温調節用カテーテル（体温管理型）,,,,,
,,710011004,,人工中耳用材料（人工中耳用インプラント）,,,,,
,,710011005,,人工中耳用材料（人工中耳用音声信号処理装置）,,,,,
,,710011006,,人工中耳用材料（人工中耳用オプション部品）,,,,,
,,710011007,,中心静脈用カテーテル（抗菌型）,,,,,
,,710011008,,合成吸収性癒着防止材（スプレー型）,,,,,ｍＬ
,,710011010,,末梢血管用ステントグラフト（標準型）,,,,,
,,710011011,,末梢血管用ステントグラフト（長病変対応型）,,,,,
,,710011012,,植込型脳・脊髄電気刺激装置（振戦軽減用）（１６極以上用）,,,,,
,,710011014,,冠動脈用ステントセット（生体吸収・再狭窄抑制型）,,,,,
,,710011015,,下大静脈留置フィルターセット（特殊型）,,,,,
,,710011017,,ペースメーカー（シングルチャンバ・リード一体型）,,,,,
,,710011019,,静脈弁カッター（オーバーザワイヤー型）,,,,,
,,710011020,,経皮的胆道拡張用バルーンカテーテル,,,,,
,,710011021,,補助循環用ポンプカテーテル,,,,,
,,710011022,,ＰＴＡバルーンカテーテル（再狭窄抑制型）,,,,,
,,710011023,,人工椎間板,,,,,
,,710011024,,体表面用電場電極,,,,,
,,710011025,,ＣＡＤ／ＣＡＭ冠用材料（３）,,,,,個
,,710011027,,経皮的挿入用カニューレ（小児・先端強化型・シングルルーメン）,,,,,
,,710011028,,中心静脈用カテーテル（末梢留置型・標準型・シングルルーメン）,,,,,
,,710011029,,中心静脈用カテーテル（末梢留置型・標準型・マルチルーメン）,,,,,
,,710011030,,中心静脈用カテーテル（末梢留置型・特殊型・シングルルーメン）,,,,,
,,710011031,,中心静脈用カテーテル（末梢留置型・特殊型・マルチルーメン）,,,,,
,,710011032,,経皮的僧帽弁クリップシステム,,,,,
,,710011033,,経皮的僧帽弁クリップシステム（加算）（２個以上使用する場合）,,,,,
,,710011034,,ガイドワイヤー,,,,,
,,710011035,,ドレナージカテーテル,,,,,
,,710011036,,中心静脈用カテーテル（抗菌型）,,,,,
,,710011037,,中心静脈用カテーテル（末梢留置型・標準型・シングルルーメン）,,,,,
,,710011038,,中心静脈用カテーテル（末梢留置型・標準型・マルチルーメン）,,,,,
,,710011039,,中心静脈用カテーテル（末梢留置型・特殊型・シングルルーメン）,,,,,
,,710011040,,中心静脈用カテーテル（末梢留置型・特殊型・マルチルーメン）,,,,,
,,710011041,,組織代用人工繊維布（臓器欠損補強用）,,,,,ｃｍ２
,,710011042,,口腔粘膜保護材,,,,,ｍＬ
,,710011043,,歯科用合着・接着材料１（グラスアイオノマー系・自動練和型）,,,,,ｇ
,,710011044,,歯科充填用材料１（グラスアイオノマー系・自動練和型）,,,,,ｇ
,,710011045,,歯科充填用材料２（グラスアイオノマー系・自動練和型）,,,,,ｇ
,,710011046,,義歯床用軟質裏装材・シリコーン系,,,,,ｍＬ
,,710011047,,義歯床用軟質裏装材・アクリル系・粉末,,,,,ｇ
,,710011048,,義歯床用軟質裏装材・アクリル系・液,,,,,ｍＬ
,,710011049,,スクリュー,,,,,本
,,710011050,,アバットメント（１）,,,,,個
,,710011051,,アバットメント（２）,,,,,個
,,710011052,,アバットメント（３）,,,,,個
,,710011053,,アバットメント（４）,,,,,個
,,710011054,,アタッチメント（１）,,,,,個
,,710011055,,アタッチメント（２）,,,,,個
,,710011056,,アタッチメント（３）,,,,,個
,,710011057,,シリンダー,,,,,本
,,710011058,,歯冠用高強度硬質レジン,,,,,ｇ
,,710011059,,歯冠用グラスファイバー・棒状,,,,,ｃｍ
,,710011060,,歯冠用グラスファイバー・シート状,,,,,ｃｍ２
,,710011061,,歯科用合着・接着材料１（グラスアイオノマー系・自動練和型）,,,,,ｇ
,,710011062,,甲状軟骨固定用器具,,,,,
,,710011064,,放射線治療用合成吸収性材料（ハイドロゲル型）,,,,,
,,710011065,,骨充填用スペーサー,,,,,
,,710011066,,血管内異物除去用カテーテル（大血管用ローテーションシース）,,,,,
,,710011067,,膵臓用瘻孔形成補綴材留置システム,,,,,
,,710011069,,生体弁（異種心膜弁（２）システム）,,,,,
,,710011070,,永久歯金属冠,,,,,本
,,710011071,,腹部開放創用局所陰圧閉鎖キット,,,,,
,,710011072,,血栓除去用カテーテル（脳血栓除去用・直接吸引型）,,,,,
,,710011074,,横隔神経電気刺激装置（電極植込キット）,,,,,
,,710011075,,横隔神経電気刺激装置（体外式パルス発生器）,,,,,
,,710011076,,横隔神経電気刺激装置（接続ケーブル）,,,,,
,,710011077,,経皮的左心耳閉鎖システム,,,,,
,,710011078,,交換用胃瘻カテーテル（小腸留置型・バンパー型）,,,,,
,,710011079,,ペースメーカー・デュアルチャンバ（５型）,,,,,
,,710011080,,ペースメーカー（トリプルチャンバ３型・４極用・自動調整機能付き）,,,,,
,,710011081,,放射線治療用合成吸収性材料（シート型）,,,,,
,,710011082,,経皮的卵円孔開存閉鎖セット,,,,,
,,710011083,,ヒト自家移植組織（自家培養角膜上皮・採取・培養キット）,,,,,
,,710011084,,ヒト自家移植組織（自家培養角膜上皮・調製・移植キット）,,,,,
,,710011085,,純チタン２種,,,,,ｇ
,,710011086,,人工鼻材料（人工鼻・標準型）,,,,,
,,710011087,,人工鼻材料（人工鼻・特殊型）,,,,,
,,710011088,,人工鼻材料（接続用材料・シール型・標準型）,,,,,
,,710011089,,人工鼻材料（接続用材料・チューブ型）,,,,,
,,710011090,,人工鼻材料（接続用材料・ボタン型）,,,,,
,,710011091,,人工鼻材料（呼気弁）,,,,,
,,710011092,,人工膝関節用材（大腿骨側材・片側置換用（間）・手術支援機器専用）,,,,,
,,710011094,,人工膝関節用材（脛骨側材・片側置換用（間）・手術支援機器専用）,,,,,
,,710011096,,頸動脈用ステントセット（特殊型）,,,,,
,,710011098,,両室ペーシング機能付き植込型除細動器（単極又は双極・抗頻拍）,,,,,
,,710011099,,両室ペーシング機能付き植込型除細動器（単極又は双極・長期留置型）,,,,,
,,710011100,,両室ペーシング機能付き植込型除細動器（４極用・抗頻拍）,,,,,
,,710011101,,両室ペーシング機能付き植込型除細動器（４極用・長期留置型）,,,,,
,,710011102,,大動脈用ステントグラフト（腹部大動脈用・メイン部分・ポリマー）,,,,,
,,710011103,,人工鼻材料（人工鼻・標準型）,,,,,
,,710011104,,人工鼻材料（人工鼻・特殊型）,,,,,
,,710011105,,人工鼻材料（接続用材料・シール型・標準型）,,,,,
,,710011106,,人工鼻材料（接続用材料・チューブ型）,,,,,
,,710011107,,人工鼻材料（接続用材料・ボタン型）,,,,,
,,710011108,,ＣＡＤ／ＣＡＭ冠用材料（４）,,,,,個
,,710011109,,人工股関節用材（骨盤側材料・ライナー・特殊型・表面特殊加工付き）,,,,,
,,710011110,,植込型脳・脊髄電気刺激装置（振戦軽減・１６極以上・自動調整付き）,,,,,
,,710011111,,脳動脈瘤治療用フローダイバーターシステム（瘤内留置型）,,,,,
,,710011112,,耳管用補綴材,,,,,
,,710011113,,人工鼻材料（人工鼻・標準型）,,,,,
,,710011114,,人工鼻材料（人工鼻・特殊型）,,,,,
,,710011115,,人工鼻材料（接続用材料・シール型・標準型）,,,,,
,,710011116,,人工鼻材料（接続用材料・チューブ型）,,,,,
,,710011117,,人工鼻材料（接続用材料・ボタン型）,,,,,
,,710011118,,人工鼻材料（呼気弁）,,,,,
,,710011119,,携帯型ディスポーザブル注入ポンプ（特殊型）,,,,,
,,710011120,,携帯型ディスポーザブル注入ポンプ（特殊型）,,,,,
,,710011121,,人工血管（短期使用型）,,,,,
,,710011122,,吸着式血液浄化用浄化器（閉塞性動脈硬化症用）,,,,,
,,710011123,,インスリン製剤等注射用ディスポーザブル（針刺事故防止機能付加型）,,,,,
,,710011124,,携帯型ディスポーザブル注入ポンプ（特殊型）,,,,,
,,710011125,,固定用内副子（プレート）（変形矯正用患者適合型）,,,,,
,,710011126,,体外式ペースメーカー用カテーテル電極（再製造・冠状静脈洞型）,,,,,
,,710011127,,植込型舌下神経電気刺激装置,,,,,
,,710011128,,脊椎スクリュー（伸展型）,,,,,
,,710011129,,人工骨（汎用型・吸収型・綿形状）,,,,,ｇ
,,710011130,,植込型脳・脊髄電気刺激装置（疼痛除去・１６極・変換）,,,,,
,,710011131,,ガイディングカテーテル（脳血管用・紡錘型）,,,,,
,,710011132,,植込型骨導補聴器（直接振動型）（インプラント）,,,,,
,,710011133,,植込型骨導補聴器（直接振動型）（音声信号処理装置）,,,,,
,,710011134,,植込型骨導補聴器（直接振動型）（オプション部品）,,,,,
,,710011135,,人工骨（汎用型・吸収型・綿形状）,,,,,ｇ
,,710011136,,磁性アタッチメント（磁石構造体）,,,,,個
,,710011137,,磁性アタッチメント（キーパー）,,,,,個
,,710011138,,固定用金属ピン（一般用・プレート型）,,,,,
,,710011139,,ペースメーカー（デュアルチャンバ（リード一体型））,,,,,
,,710011140,,ＰＴＡバルーンカテーテル（ボディワイヤー型）,,,,,
,,710011141,,ヒト自家移植組織（自家培養口腔粘膜上皮・採取・培養キット）,,,,,
,,710011142,,ヒト自家移植組織（自家培養口腔粘膜上皮・調製・移植キット）,,,,,
,,710011143,,ペプチド由来吸収性局所止血材,,,,,ｍＬ
,,710011144,,脳神経減圧術用補綴材,,,,,ｇ
,,710011145,,前立腺用インプラント,,,,,
,,710011146,,経カテーテル人工生体弁セット（ステントグラフト付き）,,,,,
,,710011147,,レーザー光照射用ニードルカテーテル,,,,,
,,710011148,,脊椎スクリュー（可動型）（横穴付き）,,,,,
,,710011149,,血管内塞栓促進用補綴材（脳動静脈奇形術前塞栓材）,,,,,
,,710011150,,血管内塞栓促進用補綴材（血管内塞栓材・止血用）,,,,,
,,710011151,,血管内塞栓促進用補綴材（血管内塞栓材・動脈塞栓療法用）,,,,,
,,710011152,,血管内塞栓促進用補綴材（血管内塞栓材・動脈化学塞栓療法用）,,,,,
,,710011153,,固定用内副子（プレート）（その他・標準・下顎骨用）,,,,,
,,710011155,,経皮的カテーテル心筋焼灼術用カテーテル（熱・ペーシング・組織）,,,,,
,,710011156,,仙骨神経刺激装置（充電式）,,,,,
,,710011158,,人工鼻材料（接続用材料・シール型・特殊型）,,,,,
,,710011159,,人工鼻材料（接続用材料・シール型・特殊型）,,,,,
,,710011160,,人工鼻材料（接続用材料・シール型・特殊型）,,,,,
,,710011161,,固定用内副子（スクリュー）（その他・特殊・ボタン）,,,,,
,,710011162,,固定用内副子（プレート）（その他・標準・下顎骨用）,,,,,
,,710011163,,心腔内及び大動脈デバイス用（特殊型・６５ｃｍ未満）,,,,,
,,710011164,,心腔内及び大動脈デバイス用（特殊型・６５ｃｍ以上）,,,,,
,,710011165,,ヒト羊膜基質使用自家培養口腔粘膜上皮（採取・培養キット）,,,,,
,,710011166,,ヒト羊膜基質使用自家培養口腔粘膜上皮（調製・移植キット）,,,,,
,,710011167,,前立腺組織用水蒸気デリバリーシステム,,,,,
,,710011168,,ヒト羊膜使用創傷被覆材,,,,,ｃｍ２
,,710011169,,自家皮膚細胞移植用キット・Ｓ,,,,,
,,710011170,,自家皮膚細胞移植用キット・Ｌ,,,,,
,,710011171,,血管内塞栓促進用補綴材（血管内塞栓材・液体塞栓材）,,,,,
,,710011172,,心房中隔穿刺針（ガイドワイヤー型）,,,,,
,,710011173,,心房中隔穿刺針（カニューレ）,,,,,
,,710011174,,心腔内超音波プローブ（再製造・標準型）,,,,,
,,710011175,,経消化管胆道ドレナージステント,,,,,
,,710011176,,経皮的心肺補助システム,,,,,
,,720050000,,ダイアライザー特定積層型,,,,,
,,720060000,,ヘモフィルター,,,,,
,,720110000,,持続緩徐式血液濾過器（標準型）（一般用）,,,,,
,,720120000,,持続緩徐式血液濾過器（超低体重患者用）,,,,,
,,721001000,,膀胱瘻用カテーテル,,,,,
,,721002000,,交換用胃瘻カテーテル（胃留置型・バンパー型・ガイドワイヤーあり）,,,,,
,,721003000,,交換用胃瘻カテーテル（胃留置型・バンパー型・ガイドワイヤーなし）,,,,,
,,721004000,,交換用胃瘻カテーテル（胃留置型・バルーン型）,,,,,
,,721005000,,交換用胃瘻カテーテル（小腸留置型・バンパー型）,,,,,
,,721006000,,交換用胃瘻カテーテル（小腸留置型・一般型）,,,,,
,,721007000,,局所陰圧閉鎖処置用材料,,,,,ｃｍ２
,,721008000,,陰圧創傷治療用カートリッジ,,,,,
,,721009000,,体外式ペースメーカー用カテーテル電極（再製造・房室弁輪部型）,,,,,
,,721010000,,経皮的挿入用カニューレ（成人・先端強化型・ダブルルーメン）,,,,,
,,721011000,,経皮的挿入用カニューレ（小児・先端強化型・ダブルルーメン）,,,,,
,,721012000,,血管形成用カテーテル（エキシマレーザー型）,,,,,
,,721013000,,経皮的動脈管閉鎖セット（動脈管内留置型）,,,,,
,,721014000,,人工顎関節用材料,,,,,
,,721015000,,人工顎関節用材料,,,,,
,,721016000,,ＣＡＤ／ＣＡＭ冠用材料（１）,,,,,個
,,721016001,,ＣＡＤ／ＣＡＭ冠用材料（５）,,,,,個
,,721017000,,血管形成用カテーテル（切削吸引型）,,,,,
,,721018000,,腹膜透析用カテーテル（長期留置型・補強部なし）,,,,,
,,721019000,,デンプン由来吸収性局所止血材（標準型）,,,,,ｇ
,,721020000,,デンプン由来吸収性局所止血材（織布型）,,,,,ｃｍ２
,,721020001,,半導体レーザー用プローブ,,,,,
,,721020002,,レーザー光照射用ニードルカテーテル,,,,,
,,724060000,,血漿交換用ディスポーザブル選択的血漿成分吸着器（劇症肝炎用）,,,,,
,,724070000,,吸着式血液浄化器（肝性昏睡・薬物）,,,,,
,,724230000,,輸血用血液フィルター（微小凝集塊除去用）,,,,,
,,724380000,,デキストラノマー,,,,,ｇ
,,724390000,,微線維性コラーゲン,,,,,ｇ
,,724560000,,血漿交換用ディスポーザブル選択的血漿成分吸着器（劇症肝炎用以外）,,,,,
,,724950000,,鼻孔プロテーゼ,,,,,
,,725030000,,ゼラチンスポンジ止血材,,,,,
,,725200000,,輸血用血液フィルター（赤血球製剤用白血球除去用）,,,,,
,,725210000,,輸血用血液フィルター（血小板製剤用白血球除去用）,,,,,
,,726130000,,脳深部刺激装置用リードセット（４極用）,,,,,
,,726160000,,脳・脊髄・仙骨神経刺激装置用リード（リードセット・４極又８極）,,,,,
,,726190000,,組織拡張器（一般用）,,,,,
,,726450000,,副木（ハローベスト（ベスト部分））,,,,,
,,726690000,,内視鏡的食道静脈瘤結紮セット（単発式）,,,,,
,,727420000,,機械弁,,,,,
,,727430000,,生体弁（異種大動脈弁）,,,,,
,,727450000,,弁付きグラフト（生体弁）,,,,,
,,727470000,,人工弁輪・僧帽弁・三尖弁兼用,,,,,
,,727610000,,ＩＡＢＰカテ標準型,,,,,
,,727620000,,ＩＡＢＰカテ末梢循環温存型,,,,,
,,727630000,,ＩＡＢＰカテセンサー内蔵型,,,,,
,,727640000,,ＩＡＢＰカテ小児用,,,,,
,,727820000,,吸着式血液浄化器（エンドトキシン）,,,,,
,,727850000,,下大静脈留置フィルターセット（標準型）,,,,,
,,728040000,,３管分離逆止弁付バルーン直腸カテーテル,,,,,
,,728100000,,経皮的カテーテル心筋焼灼術用カテーテル（熱・標準型）,,,,,
,,728140000,,真皮欠損用グラフト,,,,,ｃｍ２
,,728370000,,膀胱留置用ディスポーザブルカテーテル（在宅・２管（２）・標準型）,,,,,
,,728380000,,膀胱留置用ディスポーザブルカテーテル（在宅・２管（３）・標準型）,,,,,
,,728390000,,膀胱留置用ディスポーザブルカテーテル（在宅）（特定（１））,,,,,
,,728400000,,膀胱留置用ディスポーザブルカテーテル（在宅）（特定（２））,,,,,
,,728490000,,血管内超音波プローブ（標準・太径）,,,,,
,,728500000,,血管内超音波プローブ（標準・細径）,,,,,
,,728510000,,血管内超音波プローブ（バルーン付・太径）,,,,,
,,728520000,,血管内超音波プローブ（バルーン付・細径）,,,,,
,,728550000,,血管造影用カテーテル（バルーン型（１）・一般用）,,,,,
,,728560000,,血管造影用カテーテル（バルーン型（２））,,,,,
,,728580000,,血管造影用カテーテル（心臓マルチパーパス型）,,,,,
,,728690000,,冠動脈造影用センサー付ガイドワイヤー（フローセンサー型）,,,,,
,,728720000,,膀胱留置用ディスポーザブルカテーテル（２管一般（１））,,,,,
,,728730000,,膀胱留置用ディスポーザブルカテーテル（２管一般（２）・標準型）,,,,,
,,728740000,,膀胱留置用ディスポーザブルカテーテル（２管一般（３）・標準型）,,,,,
,,728750000,,膀胱留置用ディスポーザブルカテーテル（特定（１））,,,,,
,,728760000,,膀胱留置用ディスポーザブルカテーテル（特定（２））,,,,,
,,728790000,,膀胱留置用ディスポーザブルカテーテル（圧迫止血）,,,,,
,,728890000,,固定用内副子（スクリュー）（一般（生体用合金１）・標準型）,,,,,
,,728900000,,固定用内副子（スクリュー）（一般（生体用合金２））,,,,,
,,728920000,,固定用内副子（スクリュー）（中空スクリュー・Ｓ）,,,,,
,,728930000,,固定用内副子（スクリュー）（中空スクリュー・Ｌ）,,,,,
,,728970000,,固定用内副子（プレート）（ストレート（生体用合金１・Ｓ））,,,,,
,,728980000,,固定用内副子（プレート）（ストレート（生体用合金１・Ｌ））,,,,,
,,728990000,,固定用内副子（プレート）（ストレート（生体用合金２・Ｓ））,,,,,
,,729000000,,固定用内副子（プレート）（ストレート（生体用合金２・Ｌ））,,,,,
,,729010000,,固定用内副子（プレート）（有角（生体用合金１））,,,,,
,,729020000,,固定用内副子（プレート）（有角（生体用合金２））,,,,,
,,729030000,,固定用内副子（プレート）（骨端用（生体用合金１）・標準型）,,,,,
,,729040000,,固定用内副子（プレート）（骨端用（生体用合金２））,,,,,
,,729060000,,大腿骨外側固定用内副子（つばなしプレート）,,,,,
,,729080000,,大腿骨外側固定用内副子（つばつきプレート）,,,,,
,,729100000,,大腿骨外側固定用内副子（ラグスクリュー）,,,,,
,,729120000,,大腿骨外側固定用内副子（スライディングラグ）,,,,,
,,729130000,,大腿骨外側固定用内副子（圧迫固定スクリュー）,,,,,
,,729180000,,固定用内副子用ナット,,,,,
,,729200000,,脊椎ロッド（標準型）,,,,,
,,729240000,,脊椎プレート（標準型）,,,,,
,,729280000,,椎体フック,,,,,
,,729360000,,脊椎コネクター,,,,,
,,729380000,,トランスバース固定器,,,,,
,,729400000,,椎体ステープル,,,,,
,,729430000,,人工内耳用インプラント（電極及び受信−刺激器）,,,,,
,,729440000,,人工内耳用音声信号処理装置（標準型）,,,,,
,,729450000,,人工内耳用ヘッドセット,,,,,
,,729480000,,食道静脈瘤硬化療法用穿刺針,,,,,
,,729490000,,食道静脈瘤硬化療法用内視鏡固定用バルーン,,,,,
,,729500000,,食道静脈瘤硬化療法用止血バルーン,,,,,
,,729510000,,食道静脈瘤硬化療法用ガイドチューブ,,,,,
,,729520000,,内視鏡的食道静脈瘤結紮セット（連発式）,,,,,
,,729560000,,植込型除細動器用カテーテル電極（シングル）,,,,,
,,729570000,,植込型除細動器用カテーテル電極（マルチ（一式））,,,,,
,,729610000,,送脱血カニューレ（成人・シングル標準）,,,,,
,,729620000,,送脱血カニューレ（成人・シングル強化）,,,,,
,,729630000,,送脱血カニューレ（成人・２段標準）,,,,,
,,729640000,,送脱血カニューレ（成人・２段強化）,,,,,
,,729650000,,心筋保護用カニューレ（成人・ルート）,,,,,
,,729660000,,心筋保護用カニューレ（成人・コロナリー）,,,,,
,,729670000,,心筋保護用カニューレ（成人・レトロ）,,,,,
,,729680000,,ベントカテーテル（成人・一般型）,,,,,
,,729690000,,経皮的挿入用カニューレ（成人・一般型）,,,,,
,,729700000,,生体適合性付加（加算）（送脱血・心筋保護・ベント）,,,,,
,,729710000,,生体適合性付加（加算）（経皮的挿入）,,,,,
,,729780000,,眼科学的検査用インスタントフィルム,,,,,枚
,,729870000,,吸着型血液浄化器（β２−ミクログロブリン除去用）,,,,,
,,729880000,,経カテーテル人工生体弁セット（バルーン拡張・期限付改良加算あり）,,,,,
,,729890000,,体外フォトフェレーシスキット,,,,,
,,729900000,,植込型脳・脊髄電気刺激装置（振戦軽減・１６極・充・自動調整付き）,,,,,
,,729910000,,腱再生誘導材,,,,,
,,729920000,,前立腺組織用高圧水噴射システム,,,,,
,,729920001,,血管造影用マイクロカテーテル（気管支バルブ治療用）,,,,,
,,729920002,,植込型脳・脊髄電気刺激装置（疼痛除去・１６極・充・自動調整付き）,,,,,
,,729920003,,ガイディングカテーテル（気管支用）,,,,,
,,729920004,,血管内異物除去用カテーテル（リード一体型ペースメーカー抜去用）,,,,,
,,729920005,,気管支用バルブ,,,,,
,,729920006,,組織代用人工繊維布（心血管系用・心血管修復パッチ・先天性心疾患）,,,,,ｃｍ２
,,729920007,,ガイディングカテーテル（脳血管用・橈骨動脈穿刺対応型）,,,,,
,,729920011,,血管造影用カテーテル（脳血管・腹部血管専用型）,,,,,
,,729920012,,血管造影用カテーテル（バルーン型（１）・脳血管・腹部血管専用型）,,,,,
,,729920013,,腎瘻・膀胱瘻用材料（ダイレーター）,,,,,
,,729920014,,経皮・内視鏡的胆管ドレナージ用材料（ダイレーター）,,,,,
,,729920015,,副木（軟化成形使用型・シート状）,,,,,
,,729920016,,人工股関節用材（大腿骨側材・大腿骨ステム（間）・特殊型）,,,,,
,,729920017,,固定用内副子（プレート）（その他・特殊・胸骨挙上用）,,,,,
,,729920018,,脊椎ロッド（特殊型）,,,,,
,,729920019,,脊椎スクリュー（可動型）（低侵襲手術専用型）,,,,,
,,729920020,,カスタムメイド人工骨プレート（メッシュ型）,,,,,
,,729920021,,髄内釘（横止めスクリュー・大腿骨頸部型・横穴付き）,,,,,
,,729920022,,髄内釘（横止めスクリュー・両端ねじ型）,,,,,
,,729920023,,人工骨（専用型・椎体固定用・１椎体用・可変式）,,,,,
,,729920024,,植込型輸液ポンプ用髄腔カテーテル・標準型,,,,,
,,729920025,,経皮的脳血管形成術用カテーテル,,,,,
,,729920026,,末梢血管用ステントセット（橈骨動脈穿刺対応型）,,,,,
,,729920027,,オクリュージョンカテーテル（上大静脈止血対応型）,,,,,
,,729920028,,植込型心電図記録計,,,,,
,,729920029,,ニコチン依存症治療補助アプリ,,,,,
,,729920030,,高血圧症治療補助アプリ,,,,,
,,729990000,,血栓除去用カテーテル（経皮的血栓除去用・破砕吸引型）,,,,,
,,729990001,,大動脈用ステントグラフト（胸部大動脈用・メイン部分・可動型）,,,,,
,,730090000,,テクネシウム９９ｍガス吸入装置用患者吸入セット,,,,,
,,730560000,,末梢血管用ステントセット（一般型）,,,,,
,,730660000,,植込型除細動器（３型・標準型）,,,,,
,,730700000,,特殊カテーテル（切削型）,,,,,
,,730720000,,涙点プラグ,,,,,
,,730730000,,冠動脈狭窄部貫通用カテーテル,,,,,
,,730800000,,ダイアライザー特定積層型（在宅）,,,,,
,,730810000,,吸着型血液浄化器（β２−ミクログロブリン除去用）（在宅）,,,,,
,,730840000,,合成吸収性癒着防止材（シート型）,,,,,ｃｍ２
,,731150000,,経皮的血管形成術用穿刺部止血材料,,,,,
,,732010000,,血管内視鏡カテーテル,,,,,
,,732030000,,白血球吸着用材料（一般用）,,,,,
,,732040000,,副鼻腔炎治療用カテーテル,,,,,
,,732060000,,植込型脳・脊髄電気刺激装置（疼痛除去用）（４極又８極用）,,,,,
,,732070000,,植込型脳・脊髄電気刺激装置（振戦軽減用）（４極用）,,,,,
,,732080000,,脳波測定用頭蓋内電極（硬膜下電極（１０極以下））,,,,,
,,732090000,,脳波測定用頭蓋内電極（硬膜下電極（１１極以上））,,,,,
,,732100000,,脳波測定用頭蓋内電極（深部電極）,,,,,
,,732120000,,人工内耳用音声信号処理装置（標準型・耳掛け型）,,,,,
,,732530000,,ペースメーカー（シングルチャンバ・標準型）,,,,,
,,732590000,,ＰＴＣＡ用カテーテル（一般型）,,,,,
,,732600000,,ＰＴＣＡ用カテーテル（インフュージョン型）,,,,,
,,732610000,,ＰＴＣＡ用カテーテル（パーフュージョン型）,,,,,
,,732620000,,ＰＴＣＡ用カテーテル（カッティング型）,,,,,
,,732650000,,食道用ステント,,,,,
,,732670000,,腹膜透析液交換セット（交換キット）,,,,,
,,732680000,,腹膜透析液交換セット（回路・Ｙセット）,,,,,
,,732690000,,腹膜透析液交換セット（回路・ＡＰＤセット）,,,,,
,,732700000,,腹膜透析液交換セット（回路・ＩＰＤセット）,,,,,
,,732730000,,気管切開後留置用チューブ（在宅）（カフ付チューブ吸引有・一重管）,,,,,
,,732740000,,気管切開後留置用チューブ（在宅）（カフ付チューブ吸引有・二重管）,,,,,
,,732750000,,気管切開後留置用チューブ（在宅）（カフ付チューブ吸引無・一重管）,,,,,
,,732760000,,気管切開後留置用チューブ（在宅）（カフ付チューブ吸引無・二重管）,,,,,
,,732770000,,気管切開後留置用チューブ（在宅）（カフなし気管切開チューブ）,,,,,
,,732780000,,気管切開後留置用チューブ（在宅）（輪状甲状膜切開チューブ）,,,,,
,,732790000,,気管切開後留置用チューブ（在宅）（保持用気管切開チューブ）,,,,,
,,732800000,,栄養用ディスポカテ（在宅）（経鼻用・一般用）,,,,,
,,732820000,,栄養用ディスポカテ（在宅）（経鼻用・経腸栄養用）,,,,,
,,732830000,,栄養用ディスポカテ（在宅）（経鼻用・特殊型）,,,,,
,,732840000,,栄養用ディスポカテ（在宅）（腸瘻用）,,,,,
,,732850000,,動脈圧モニターカテ肺動脈用,,,,,
,,732860000,,動脈圧モニターカテ末梢動脈用,,,,,
,,732870000,,冠状静脈洞内血液採取用カテーテル,,,,,
,,732880000,,サーモダイリューション用カテーテル（標準型）,,,,,
,,732890000,,サーモダイリューション用カテーテル（標準型・ルーメン有）,,,,,
,,732900000,,サーモダイリューション用カテーテル（モニター機能有）,,,,,
,,732910000,,サーモダイリューション用カテーテル（ペーシング機能有）,,,,,
,,732940000,,サーモダイリューション用カテーテル（出量測定有・モニター有）,,,,,
,,732950000,,サーモダイリューション用カテーテル（出量測定有・モニター無）,,,,,
,,732960000,,サーモダイリューション用カテーテル（一側肺動脈閉塞試験機能有）,,,,,
,,732970000,,血管造影用マイクロカテーテル（アプローチ型・ブレード有）,,,,,
,,732980000,,血管造影用マイクロカテーテル（アプローチ型・ブレード無）,,,,,
,,732990000,,血管造影用マイクロカテーテル（造影能強化型）,,,,,
,,733010000,,血管造影用マイクロカテーテル（デタッチャブルコイル用）,,,,,
,,733020000,,血管造影用マイクロカテーテル（フローダイレクト）,,,,,
,,733030000,,心臓造影用センサー付カテーテル,,,,,
,,733040000,,冠動脈造影用センサー付ガイドワイヤー（コンビネーション型）,,,,,
,,733050000,,弁拡張用カテーテル用ガイドワイヤー（ガイドワイヤー）,,,,,
,,733060000,,弁拡張用カテーテル用ガイドワイヤー（僧帽弁誘導用スタイレット）,,,,,
,,733080000,,中心静脈用カテーテル（標準・マルチルーメン）,,,,,
,,733100000,,中心静脈用カテーテル（抗血栓性型）,,,,,
,,733110000,,中心静脈用カテーテル（極細型）,,,,,
,,733120000,,中心静脈用カテーテル（カフ付き）,,,,,
,,733130000,,涙液・涙道シリコンチューブ,,,,,
,,733140000,,脳・脊髄腔用カニューレ（排液用（皮下・硬膜外用））,,,,,
,,733150000,,脳・脊髄腔用カニューレ（排液用・頭蓋内用）,,,,,
,,733160000,,脳・脊髄腔用カニューレ（排液用・脊髄クモ膜下腔用）,,,,,
,,733170000,,脳・脊髄腔用カニューレ（脳圧測定用）,,,,,
,,733180000,,套管針カテーテル（シングルルーメン・標準型）,,,,,
,,733190000,,套管針カテーテル（シングルルーメン・細径穿刺針型）,,,,,
,,733200000,,套管針カテーテル（ダブルルーメン）,,,,,
,,733210000,,套管針カテーテル（特殊型）,,,,,
,,733220000,,栄養カテーテル（経鼻用・一般用）,,,,,
,,733240000,,栄養カテーテル（経鼻用・経腸栄養用）,,,,,
,,733250000,,栄養カテーテル（経鼻用・特殊型）,,,,,
,,733260000,,栄養カテーテル（腸瘻用）,,,,,
,,733270000,,気管内チューブ（カフあり・カフ上部吸引機能あり）,,,,,
,,733280000,,気管内チューブ（カフあり・カフ上部吸引機能なし）,,,,,
,,733290000,,気管内チューブ（カフなし）,,,,,
,,733300000,,胃管カテーテル（シングルルーメン）,,,,,
,,733310000,,胃管カテーテル（ダブルルーメン・標準型）,,,,,
,,733320000,,胃管カテーテル（ダブルルーメン・特殊型）,,,,,
,,733330000,,胃管カテーテル（マグネット付き）,,,,,
,,733340000,,吸引留置カテーテル（能動吸引型・胸腔用・一般型・軟質型）,,,,,
,,733350000,,吸引留置カテーテル（能動吸引型・胸腔用・一般型・硬質型）,,,,,
,,733360000,,吸引留置カテーテル（能動吸引型・胸腔用・抗血栓性）,,,,,
,,733370000,,吸引留置カテーテル（能動吸引型（心嚢・縦隔穿刺用））,,,,,
,,733380000,,吸引留置カテーテル（能動吸引型・肺全摘術後用）,,,,,
,,733390000,,吸引留置カテーテル（能動吸引型・創部用・軟質型）,,,,,
,,733400000,,吸引留置カテーテル（能動吸引型・創部用・硬質型）,,,,,
,,733410000,,吸引留置カテーテル（能動吸引型・サンプドレーン）,,,,,
,,733420000,,吸引留置カテーテル（受動吸引型・チューブドレーン・フィルム型）,,,,,
,,733430000,,吸引留置カテーテル（受動吸引型・チューブドレーン・チューブ型）,,,,,
,,733440000,,吸引留置カテーテル（受動吸引型・胆膵用・胆管チューブ）,,,,,
,,733450000,,吸引留置カテーテル（受動吸引型・胆膵用・胆嚢管チューブ）,,,,,
,,733460000,,吸引留置カテーテル（受動吸引型・胆膵用・膵管チューブ）,,,,,
,,733480000,,イレウス用ロングチューブ（標準型・経鼻挿入型）,,,,,
,,733490000,,イレウス用ロングチューブ（標準型・経肛門挿入型）,,,,,
,,733500000,,イレウス用ロングチューブ（スプリント機能付加型）,,,,,
,,733570000,,経鼓膜換気チューブ（短期留置型）,,,,,
,,733580000,,経鼓膜換気チューブ（長期留置型）,,,,,
,,733640000,,胆道ステントセット（一般型・永久留置型・ステント・ロング）,,,,,
,,733650000,,胆道ステントセット（一般型・永久留置型・ステント・ショート）,,,,,
,,733660000,,胆道ステントセット（一般型・永久留置型・デリバリーシステム）,,,,,
,,733670000,,胆道ステントセット（一般型・一時留置型・ステント）,,,,,
,,733680000,,胆道ステントセット（一般型・一時留置型・デリバリーシステム）,,,,,
,,733690000,,胆道ステントセット（自動・永久・カバー有）,,,,,
,,733700000,,胆道ステントセット（自動・永久・カバー無）,,,,,
,,733710000,,胆道ステントセット（自動装着システム付・一時留置型）,,,,,
,,733720000,,尿管ステントセット（一般型・標準型）,,,,,
,,733730000,,尿管ステントセット（一般型・異物付着防止型）,,,,,
,,733740000,,尿管ステントセット（外瘻用・腎盂留置型・標準型）,,,,,
,,733750000,,尿管ステントセット（外瘻用・腎盂留置型・異物付着防止型）,,,,,
,,733760000,,尿管ステントセット（外瘻用・尿管留置型）,,,,,
,,733770000,,尿管ステントセット（エンドパイロトミー用）,,,,,
,,733810000,,交換用胃瘻カテーテル（胃留置型・バルーン型）,,,,,
,,733820000,,交換用胃瘻カテーテル（小腸留置型・一般型）,,,,,
,,733830000,,気管切開後留置用チューブ（一般・カフ付き・吸引有・一重管）,,,,,
,,733840000,,気管切開後留置用チューブ（一般・カフ付き・吸引有・二重管）,,,,,
,,733850000,,気管切開後留置用チューブ（一般・カフ付き・吸引無・一重管）,,,,,
,,733860000,,気管切開後留置用チューブ（一般・カフ付き・吸引無・二重管）,,,,,
,,733870000,,気管切開後留置用チューブ（一般・カフなし）,,,,,
,,733880000,,気管切開後留置用チューブ（輪状甲状膜切開）,,,,,
,,733890000,,気管切開後留置用チューブ（保持用気管切開）,,,,,
,,733930000,,緊急時ブラッドアクセス用留置カテーテル（シングル・一般型）,,,,,
,,733940000,,緊急時ブラッドアクセス用留置カテーテル（シングル・交換用）,,,,,
,,733950000,,緊急時ブラッドアクセス用留置カテーテル（ダブル以上・一般型）,,,,,
,,733970000,,緊急時ブラッドアクセス用留置カテーテル（ダブル以上・カフ型）,,,,,
,,733980000,,血漿交換用血漿分離器,,,,,
,,733990000,,血漿交換用血漿成分分離器,,,,,
,,734000000,,腹膜透析用接続チューブ,,,,,
,,734010000,,腹膜透析用カテーテル（長期留置型・補強部あり）,,,,,
,,734030000,,腹膜透析用カテーテル（緊急留置型）,,,,,
,,734040000,,副木（軟化成形使用型（手指・足指用））,,,,,
,,734050000,,副木（軟化成形使用型・上肢用）,,,,,
,,734060000,,副木（軟化成形使用型・下肢用）,,,,,
,,734070000,,副木（軟化成形使用型・鼻骨用）,,,,,
,,734080000,,副木（形状賦形型（手指・足指用））,,,,,
,,734090000,,副木（形状賦形型・上肢用）,,,,,
,,734100000,,副木（形状賦形型・下肢用）,,,,,
,,734110000,,副木（形状賦形型・鼻骨用）,,,,,
,,734120000,,副木（ヒール）,,,,,
,,734170000,,固定用内副子（スクリュー）（その他・標準・小型）,,,,,
,,734200000,,固定用内副子（スクリュー）（その他・特殊・座金型）,,,,,
,,734210000,,固定用内副子（スクリュー）（その他・両ねじ・大腿骨頸部用）,,,,,
,,734220000,,固定用内副子（スクリュー）（その他・特殊・両ねじ・一般用）,,,,,
,,734240000,,固定用内副子（プレート）（その他・標準・ストレート型・異形型）,,,,,
,,734280000,,固定用内副子（プレート）（その他・標準・メッシュ型）,,,,,
,,734320000,,固定用内副子（プレート）（その他・標準・下顎・骨盤再建）,,,,,
,,734330000,,固定用内副子（プレート）（その他・標準・顎関節用）,,,,,
,,734340000,,固定用内副子（プレート）（その他・標準・バーホール型）,,,,,
,,734350000,,固定用内副子（プレート）（その他・標準・クランプ型）,,,,,
,,734360000,,固定用内副子（プレート）（その他・特殊・骨延長用）,,,,,
,,734370000,,固定用内副子（プレート）（その他・特殊・スクリュー非使用型）,,,,,
,,736000000,,髄内釘（標準型）,,,,,
,,736010000,,髄内釘（大腿骨頸部型・標準型）,,,,,
,,736020000,,髄内釘（集束型）,,,,,
,,736030000,,髄内釘（可変延長型）,,,,,
,,736040000,,髄内釘（横止めスクリュー・標準型）,,,,,
,,736050000,,髄内釘（横止めスクリュー・大腿骨頸部型・標準型）,,,,,
,,736060000,,髄内釘（ナット）,,,,,
,,736070000,,固定釘（平面型）,,,,,
,,736080000,,固定釘（立体特殊型）,,,,,
,,736100000,,固定用金属線（金属線・ワイヤー）,,,,,ｃｍ
,,736110000,,固定用金属線（金属線・ケーブル）,,,,,
,,736120000,,固定用金属線（大転子専用締結器）,,,,,
,,736130000,,固定用金属ピン（創外固定器用・標準型）,,,,,
,,736140000,,固定用金属ピン（創外固定器用・抗緊張ピン・一般型）,,,,,
,,736150000,,固定用金属ピン（創外固定器用・抗緊張ピン・特殊型）,,,,,
,,736160000,,固定用金属ピン（一般用・標準型）,,,,,
,,736170000,,人工靱帯,,,,,
,,736190000,,人工骨（汎用型・非吸収型・（顆粒・フィラー））,,,,,ｇ
,,736200000,,人工骨（汎用型・非吸収型・多孔体）,,,,,ｍＬ
,,736220000,,人工骨（汎用型・非吸収型・形状賦形型）,,,,,ｍＬ
,,736230000,,人工骨（汎用型・吸収型・（顆粒・フィラー））,,,,,ｇ
,,736240000,,人工骨（汎用型・吸収型・多孔体・一般型）,,,,,ｍＬ
,,736250000,,人工骨（専用型・人工耳小骨）,,,,,
,,736260000,,髄内釘（大腿骨頸部型・Ｘ線透過型）,,,,,
,,736270000,,髄内釘（横止めスクリュー・大腿骨頸部型・Ｘ線透過型）,,,,,
,,736280000,,人工骨（専用型・開頭穿孔術用）,,,,,
,,736290000,,人工骨（専用型・頭蓋骨・喉頭気管用）,,,,,
,,736310000,,人工骨（専用型・（椎弓・棘間用））,,,,,
,,736320000,,人工骨（専用型・椎体固定用・１椎体用）,,,,,
,,736330000,,人工骨（専用型・椎体固定用・その他）,,,,,
,,736340000,,人工骨（専用型・骨盤用・腸骨稜用）,,,,,
,,736350000,,人工骨（専用型・骨盤用・その他）,,,,,
,,736370000,,人工骨（専用型（肋骨・胸骨・四肢骨用））,,,,,
,,736400000,,骨セメント（頭蓋骨用）,,,,,ｇ
,,736410000,,骨セメント（人工関節固定用）,,,,,ｇ
,,736420000,,合成吸収性骨片接合材（スクリュー（一般用））,,,,,
,,736430000,,合成吸収性骨片接合材（スクリュー（頭蓋・顎・顔面・小骨用））,,,,,
,,736440000,,合成吸収性骨片接合材（ストレートプレート）,,,,,
,,736450000,,合成吸収性骨片接合材（その他のプレート）,,,,,
,,736460000,,合成吸収性骨片接合材（骨・軟部組織固定用アンカー）,,,,,
,,736490000,,合成吸収性骨片接合材（ワッシャー）,,,,,
,,736500000,,合成吸収性骨片接合材（ピン（一般用））,,,,,
,,736510000,,合成吸収性骨片接合材（ピン（胸骨・肋骨用））,,,,,
,,736520000,,脳動脈瘤手術クリップ（標準型）,,,,,
,,736530000,,脳動脈瘤手術クリップ（特殊型）,,,,,
,,736540000,,脳血流遮断用クリップ,,,,,
,,736580000,,人工喉頭（音声回復用人工補装具・一般型）,,,,,
,,736590000,,人工喉頭（呼気弁）,,,,,
,,736610000,,胃・食道静脈瘤圧迫止血用チューブ（食道止血用）,,,,,
,,736620000,,胃・食道静脈瘤圧迫止血用チューブ（胃止血用）,,,,,
,,736630000,,胃・食道静脈瘤圧迫止血用チューブ（胃・食道止血用）,,,,,
,,736640000,,組織代用人工繊維布（心血管系用（血管用フェルト・ファブリック））,,,,,ｃｍ２
,,736670000,,組織代用人工繊維布（ヘルニア修復・胸壁補強用（一般））,,,,,ｃｍ２
,,736680000,,組織代用人工繊維布（ヘルニア修復・胸壁補強用（形状付加型））,,,,,
,,736690000,,組織代用人工繊維布（ヘルニア修復・胸壁補強用（腹膜欠損用））,,,,,ｃｍ２
,,736700000,,組織代用人工繊維布（臓器欠損補強用）,,,,,ｃｍ２
,,736710000,,組織代用人工繊維布（自動縫合器対応用）,,,,,組
,,736720000,,組織代用人工繊維布（プレジェット・チューブ）,,,,,
,,736730000,,皮膚欠損用創傷被覆材（真皮に至る創傷用）,,,,,ｃｍ２
,,736740000,,皮膚欠損用創傷被覆材（皮下組織に至る創傷用・標準型）,,,,,ｃｍ２
,,736750000,,皮膚欠損用創傷被覆材（皮下組織に至る創傷用・異形型）,,,,,ｇ
,,736760000,,皮膚欠損用創傷被覆材（筋・骨に至る創傷用）,,,,,ｃｍ２
,,736770000,,非固着性シリコンガーゼ（広範囲熱傷用）,,,,,
,,736780000,,非固着性シリコンガーゼ（平坦部位用）,,,,,
,,736790000,,非固着性シリコンガーゼ（凹凸部位用）,,,,,
,,736800000,,頭・静脈、腹腔シャントバルブ（標準・近位カテーテル・標準型）,,,,,
,,736810000,,頭・静脈、腹腔シャントバルブ（標準・近位カテーテル・内視鏡型）,,,,,
,,736820000,,頭・静脈、腹腔シャントバルブ（標準・リザーバー）,,,,,
,,736830000,,頭・静脈、腹腔シャントバルブ（標準・バルブ・圧固定式）,,,,,
,,736840000,,頭・静脈、腹腔シャントバルブ（標準・バルブ・流量調節・圧可変式）,,,,,
,,736850000,,頭・静脈、腹腔シャントバルブ（標準・遠位カテーテル・標準型）,,,,,
,,736860000,,頭・静脈、腹腔シャントバルブ（標準・遠位カテーテル・細径一体型）,,,,,
,,736870000,,頭・静脈、腹腔シャントバルブ（標準・コネクタ・ストレート）,,,,,
,,736880000,,頭・静脈、腹腔シャントバルブ（標準・コネクタ・スリーウェイ）,,,,,
,,736890000,,頭・静脈、腹腔シャントバルブ（特殊）,,,,,
,,736900000,,頭・静脈、腹腔シャントバルブ（ワンピース型）,,,,,
,,736910000,,胸水・腹水シャントバルブ（シャントバルブ）,,,,,
,,736920000,,胸水・腹水シャントバルブ（交換用部品・カテーテル・腹腔・胸腔用）,,,,,
,,736930000,,胸水・腹水シャントバルブ（交換用部品・カテーテル・静脈用）,,,,,
,,736940000,,胸水・腹水シャントバルブ（交換用部品・コネクタ）,,,,,
,,736950000,,植込式心臓ペースメーカー用リード（経静脈・標準型）,,,,,
,,736960000,,植込式心臓ペースメーカー用リード（経静脈・シングルパスＶＤＤ）,,,,,
,,736970000,,植込式心臓ペースメーカー用リード（リード・心筋用リード・単極）,,,,,
,,736980000,,植込式心臓ペースメーカー用リード（リード・心筋用リード・双極）,,,,,
,,736990000,,植込式心臓ペースメーカー用リード（アダプター）,,,,,
,,737000000,,植込式心臓ペースメーカー用リード（アクセサリー）,,,,,
,,737010000,,体外ペースメーカー用電極（一時ペーシング型）,,,,,
,,737020000,,体外ペースメーカー用電極（検査機能付加・標準型）,,,,,
,,737030000,,体外ペースメーカー用電極（検査機能付加・冠状静脈洞型）,,,,,
,,737040000,,体外ペースメーカー用電極（検査機能付加・房室弁輪部型）,,,,,
,,737050000,,体外ペースメーカー用電極（検査機能付加（心房・心室内全域型））,,,,,
,,737060000,,体表面ペーシング用電極,,,,,
,,737070000,,体外ペースメーカー用心臓植込ワイヤー（単極・固定機能あり）,,,,,
,,737080000,,体外ペースメーカー用心臓植込ワイヤー（単極・固定機能なし）,,,,,
,,737090000,,体外ペースメーカー用心臓植込ワイヤー（双極以上）,,,,,
,,737100000,,遠心式体外循環用血液ポンプ（シール型・抗血栓性あり）,,,,,
,,737110000,,遠心式体外循環用血液ポンプ（シール型・抗血栓性なし）,,,,,
,,737120000,,遠心式体外循環用血液ポンプ（シールレス型）,,,,,
,,737130000,,人工心肺回路（メイン回路・抗血栓性あり・成人用）,,,,,
,,737130001,,人工心肺回路（メイン回路・抗血栓性あり・小児用）,,,,,
,,737140000,,人工心肺回路（メイン回路・抗血栓性なし・成人用）,,,,,
,,737140001,,人工心肺回路（メイン回路・抗血栓性なし・小児用）,,,,,
,,737150000,,人工心肺回路（補助循環回路・抗血栓性あり・成人用）,,,,,
,,737150001,,人工心肺回路（補助循環回路・抗血栓性あり・小児用）,,,,,
,,737160000,,人工心肺回路（補助循環回路・抗血栓性なし・成人用）,,,,,
,,737160001,,人工心肺回路（補助循環回路・抗血栓性なし・小児用）,,,,,
,,737170000,,人工心肺回路（心筋保護回路）,,,,,
,,737180000,,人工心肺回路（血液濃縮回路）,,,,,
,,737190000,,人工心肺回路（分離体外循環回路）,,,,,
,,737200000,,人工心肺回路（個別機能品・貯血槽）,,,,,
,,737210000,,人工心肺回路（個別機能品・カーディオトミーリザーバー）,,,,,
,,737220000,,人工心肺回路（個別機能品・ハードシェル静脈リザーバー）,,,,,
,,737230000,,人工心肺回路（個別機能品・心筋保護用貯液槽）,,,,,
,,737240000,,人工心肺回路（個別機能品・ラインフィルター）,,,,,
,,737250000,,人工心肺回路（個別機能品・回路洗浄用フィルター）,,,,,
,,737260000,,人工心肺回路（個別機能品・血液学的パラメーター測定・標準型）,,,,,
,,737270000,,人工心肺回路（個別機能品・熱交換器）,,,,,
,,737280000,,人工心肺回路（個別機能品・安全弁）,,,,,
,,737290000,,弁拡張用カテーテル,,,,,
,,737300000,,心房中隔欠損作成術用カテーテル（バルーン型）,,,,,
,,737310000,,心房中隔欠損作成術用カテーテル（ブレード型）,,,,,
,,737320000,,ＰＴＡバルーンカテーテル（一般型・標準型）,,,,,
,,737330000,,ＰＴＡバルーンカテーテル（一般型・特殊型）,,,,,
,,737360000,,ＰＴＡバルーンカテーテル（脳血管攣縮治療用）,,,,,
,,737380000,,冠動脈灌流用カテーテル,,,,,
,,737410000,,オクリュージョンカテーテル（標準型）,,,,,
,,737420000,,オクリュージョンカテーテル（特殊型）,,,,,
,,737440000,,血管内異物除去用カテーテル（細血管用）,,,,,
,,737450000,,血管内異物除去用カテーテル（大血管用）,,,,,
,,737460000,,血栓除去用カテーテル（バルーン付き・一般型）,,,,,
,,737470000,,血栓除去用カテーテル（バルーン付き・極細型）,,,,,
,,737480000,,血栓除去用カテーテル（バルーン付き・ダブルルーメン）,,,,,
,,737490000,,血栓除去用カテーテル（残存血栓除去用）,,,,,
,,737500000,,血栓除去用カテーテル（経皮的血栓除去用・標準型）,,,,,
,,737530000,,塞栓用コイル（コイル・標準型）,,,,,
,,737540000,,塞栓用コイル（コイル・機械式デタッチャブル型）,,,,,
,,737550000,,塞栓用コイル（コイル・電気式デタッチャブル型）,,,,,
,,737560000,,塞栓用コイル（プッシャー）,,,,,
,,737570000,,汎用型圧測定用プローブ,,,,,
,,737580000,,循環機能評価用動脈カテーテル,,,,,
,,737590000,,静脈弁カッター（切開径固定型）,,,,,
,,737600000,,静脈弁カッター（切開径変動型）,,,,,
,,737610000,,人工血管（永久留置型・大血管用・分岐なし）,,,,,
,,737620000,,人工血管（永久留置型・大血管用・１分岐・標準型）,,,,,
,,737630000,,人工血管（永久留置型・大血管用・２分岐以上・標準型）,,,,,
,,737640000,,人工血管（永久留置型・大血管用・腹大動脈分岐用）,,,,,
,,737650000,,人工血管（永久留置型・小血管用・標準型・外部サポートあり）,,,,,ｃｍ
,,737660000,,人工血管（永久留置型・小血管用・標準型・外部サポートなし）,,,,,ｃｍ
,,737670000,,人工血管（永久留置型・小血管・セルフシーリング・ヘパリン非使用）,,,,,ｃｍ
,,737680000,,人工血管（一時留置型）,,,,,
,,737720000,,胆道結石除去用カテーテル（経皮的バルーン）,,,,,
,,737730000,,胆道結石除去用カテーテル（内視鏡バルーン（ダブルルーメン））,,,,,
,,737740000,,胆道結石除去用カテーテル（内視鏡バルーン（トリプルルーメン））,,,,,
,,737750000,,胆道結石除去用カテーテル（内視鏡バルーン（十二指腸乳頭拡張付））,,,,,
,,737760000,,胆道結石除去用カテーテル（内視鏡バルーン（十二指腸乳頭切開付））,,,,,
,,737770000,,胆道結石除去用カテーテル（採石用バスケット）,,,,,
,,737780000,,胆道結石除去用カテーテル（砕石用（全ディスポーザブル型））,,,,,
,,737790000,,胆道結石除去用カテーテル（砕石用（一部ディスポーザブル型））,,,,,
,,737800000,,腎・尿管結石除去用カテーテルセット,,,,,
,,737810000,,インスリン製剤等注射用ディスポーザブル注射器（標準型）,,,,,
,,737890000,,腹膜透析液交換セット（交換キット）,,,,,
,,737900000,,腹膜透析液交換セット（回路・Ｙセット）,,,,,
,,737910000,,腹膜透析液交換セット（回路・ＡＰＤセット）,,,,,
,,737920000,,腹膜透析液交換セット（回路・ＩＰＤセット）,,,,,
,,737960000,,栄養用ディスポカテ（在宅）（経鼻用・一般用）,,,,,
,,737980000,,栄養用ディスポカテ（在宅）（経鼻用・経腸栄養用）,,,,,
,,737990000,,栄養用ディスポカテ（在宅）（経鼻用・特殊型）,,,,,
,,738000000,,栄養用ディスポカテ（在宅）（腸瘻用）,,,,,
,,738100000,,腹膜透析液交換セット（回路・Ｙセット）,,,,,
,,738110000,,腹膜透析液交換セット（回路・ＡＰＤセット）,,,,,
,,738120000,,腹膜透析液交換セット（回路・ＩＰＤセット）,,,,,
,,738140000,,腹水濾過器、濃縮再静注用濃縮器（回路を含む）,,,,,
,,738150000,,血管造影用シースイントロデューサーセット（一般用・標準型）,,,,,
,,738160000,,血管造影用シースイントロデューサーセット（蛇行血管用）,,,,,
,,738170000,,血管造影用シースイントロデューサーセット（一般用・特殊型）,,,,,
,,738180000,,血管造影用カテーテル（一般用）,,,,,
,,738200000,,血管造影用ガイドワイヤー（交換用）,,,,,
,,738210000,,血管造影用ガイドワイヤー（微細血管用）,,,,,
,,738220000,,ＰＴＣＡ用カテーテル用ガイドワイヤー（一般用）,,,,,
,,738230000,,ＰＴＣＡ用カテーテル用ガイドワイヤー（複合・高度狭窄部位）,,,,,
,,738240000,,携帯型ディスポーザブル注入ポンプ（標準型）,,,,,
,,738260000,,腎瘻・膀胱瘻用材料（腎瘻用カテーテル・ストレート型）,,,,,
,,738290000,,腎瘻・膀胱瘻用材料（腎瘻用カテーテル・ステント型）,,,,,
,,738300000,,腎瘻・膀胱瘻用材料（腎瘻用カテーテル・腎盂バルーン型）,,,,,
,,738310000,,腎瘻・膀胱瘻用材料（膀胱瘻用カテーテル）,,,,,
,,738350000,,尿道ステント（一時留置（交換）型・長期留置型）,,,,,
,,738360000,,尿道ステント（一時留置（交換）型・短期留置型）,,,,,
,,738370000,,人工股関節用材（骨盤側材・臼蓋形成用カップ（直）・標準型）,,,,,
,,738380000,,人工股関節用材（骨盤側材・臼蓋形成用カップ（間））,,,,,
,,738390000,,人工股関節用材（骨盤側材・ライナー・標準型）,,,,,
,,738400000,,人工股関節用材（大腿骨側材・大腿骨ステム（直）・標準型）,,,,,
,,738410000,,人工股関節用材（大腿骨側材・大腿骨ステム（間）・標準型）,,,,,
,,738420000,,人工股関節用材（大腿骨側材・大腿骨ステムヘッド（１））,,,,,
,,738430000,,人工股関節用材（大腿骨側材・骨頭用・モノポーラカップ）,,,,,
,,738440000,,人工股関節用材（大腿骨側材・骨頭用・バイポーラカップ（１））,,,,,
,,738450000,,人工股関節用材（単純人工骨頭）,,,,,
,,738460000,,人工膝関節用材（大腿骨側材・全置換用（直））,,,,,
,,738470000,,人工膝関節用材（大腿骨側材・全置換用（間）・標準型）,,,,,
,,738480000,,人工膝関節用材（大腿骨側材・片側置換用（直））,,,,,
,,738490000,,人工膝関節用材（大腿骨側材・片側置換用（間）・標準型）,,,,,
,,738500000,,人工膝関節用材（脛骨側材・全置換用（直）・標準型）,,,,,
,,738510000,,人工膝関節用材（脛骨側材・全置換用（間））,,,,,
,,738520000,,人工膝関節用材（脛骨側材・片側置換用（直））,,,,,
,,738530000,,人工膝関節用材（脛骨側材・片側置換用（間）・標準型）,,,,,
,,738540000,,人工膝関節用材（膝蓋骨材・膝蓋骨置換用（１））,,,,,
,,738560000,,人工膝関節用材（インサート（１））,,,,,
,,738570000,,オプション部品（人工関節用部品・一般オプション部品）,,,,,
,,738580000,,オプション部品（人工膝関節用部品・人工関節用部品（１））,,,,,
,,738590000,,オプション部品（人工関節固定強化部品（１））,,,,,
,,738600000,,オプション部品（再建用強化部品）,,,,,
,,738610000,,人工肩関節用材（肩甲骨側材・グレノイドコンポーネント・標準型）,,,,,
,,738620000,,人工肩関節用材（上腕骨側材・上腕骨ステム・標準型）,,,,,
,,738630000,,人工肘関節用材（上腕骨ステム）,,,,,
,,738640000,,人工肘関節用材（尺骨ステム）,,,,,
,,738650000,,人工肘関節用材（橈骨側材）,,,,,
,,738660000,,人工手関節・足関節用材（手関節用・橈骨側材）,,,,,
,,738670000,,人工手関節・足関節用材（手関節用・中手骨側材）,,,,,
,,738690000,,人工手関節・足関節用材（足関節用・脛骨側材）,,,,,
,,738700000,,人工手関節・足関節用材（足関節用・距骨側材）,,,,,
,,738710000,,人工指関節用材（手指関節用・手根中手関節用・大菱形骨側材）,,,,,
,,738720000,,人工指関節用材（手指関節用・手根中手関節用・中手骨側材）,,,,,
,,738730000,,人工指関節用材（手指関節用・その他手指関節用・近位側材）,,,,,
,,738740000,,人工指関節用材（手指関節用・その他手指関節用・遠位側材）,,,,,
,,738750000,,人工指関節用材（手指関節用・その他手指関節用・一体型）,,,,,
,,738770000,,人工指関節用材（足指関節用・近位側材）,,,,,
,,738780000,,人工指関節用材（足指関節用・遠位側材）,,,,,
,,738790000,,人工指関節用材（足指関節用・一体型）,,,,,
,,738800000,,上肢再建用人工関節用材（再建用上腕骨近位補綴用）,,,,,
,,738810000,,上肢再建用人工関節用材（再建用上腕骨遠位補綴用）,,,,,
,,738820000,,上肢再建用人工関節用材（再建用尺骨側材）,,,,,
,,738830000,,下肢再建用人工関節用材（再建用臼蓋形成カップ）,,,,,
,,738840000,,下肢再建用人工関節用材（再建用大腿骨近位補綴用）,,,,,
,,738850000,,下肢再建用人工関節用材（再建用大腿骨遠位補綴用）,,,,,
,,738860000,,下肢再建用人工関節用材（再建用大腿骨表面置換用）,,,,,
,,738870000,,下肢再建用人工関節用材（再建用脛骨近位補綴用）,,,,,
,,738880000,,下肢再建用人工関節用材（再建用脛骨表面置換用）,,,,,
,,738890000,,カスタムメイド人工関節,,,,,
,,738900000,,固定用金属線（金属線・バンド）,,,,,ｃｍ
,,738910000,,人工骨頭帽,,,,,
,,738920000,,組織代用人工繊維布（心血管系用・心膜シート）,,,,,ｃｍ２
,,738930000,,組織代用人工繊維布（心血管系用・心血管修復パッチ・一般）,,,,,ｃｍ２
,,738960000,,ディスポーザブル人工肺（膜型肺・補助循環呼吸型・一般用）,,,,,
,,738970000,,ガイディングカテーテル（冠動脈用）,,,,,
,,738980000,,ガイディングカテーテル（その他血管用）,,,,,
,,738990000,,ガイディングカテーテル（脳血管用・標準型）,,,,,
,,739000000,,ＰＴＡバルーンカテーテル（カッティング型）,,,,,
,,739200000,,液体酸素・定置式液化酸素貯槽（ＣＥ）,,,,,Ｌ
,,739210000,,液体酸素・可搬式液化酸素容器（ＬＧＣ）,,,,,Ｌ
,,739220000,,酸素ボンベ・大型,,,,,Ｌ
,,739230000,,酸素ボンベ・小型,,,,,Ｌ
,,739240000,,液体酸素・定置式液化酸素貯槽（ＣＥ）（離島等）,,,,,Ｌ
,,739250000,,液体酸素・可搬式液化酸素容器（ＬＧＣ）（離島等）,,,,,Ｌ
,,739260000,,酸素ボンベ・大型（離島等）,,,,,Ｌ
,,739270000,,酸素ボンベ・小型（離島等）,,,,,Ｌ
,,739280000,,ペースメーカ用カテーテル電極用シースイントロデューサーセット,,,,,
,,739290000,,髄内釘（肋骨型）,,,,,
,,739300000,,体外ペースメーカー用電極（検査機能付加・心房内・心室内全域型）,,,,,
,,739310000,,特殊カテーテル（破砕型）,,,,,
,,739310001,,経皮的カテーテル心筋焼灼術用カテーテル（パルスフィールド）,,,,,
,,739310002,,培養ヒト角膜内皮細胞・調製・移植キット,,,,,
,,739310003,,弁周囲欠損孔閉鎖セット,,,,,
,,739310004,,血栓除去用カテーテル（経皮的血栓除去用・分離捕捉型）,,,,,
,,739310005,,大動脈分岐部用フィルターセット,,,,,
,,739310006,,静脈用ステントセット,,,,,
,,739310007,,脊椎ロッド（標準型・患者適合型）,,,,,
,,739310008,,脊椎ロッド（特殊型・患者適合型）,,,,,
,,739310009,,植込式心臓ペースメーカー用リード（経静脈・特殊型）,,,,,
,,739310010,,植込型除細動器（３型・胸骨下植込式電極併用型）,,,,,
,,739310011,,植込型除細動器用カテーテル電極（胸骨下植込式）,,,,,
,,739310012,,ガイディングカテーテル（脳血管用・自己拡張型）,,,,,
,,739310013,,血管内血栓異物除去用留置カテ（頸動脈ステント・経頸動脈型）,,,,,
,,739310014,,心房中隔穿刺針（高周波型・特殊型）,,,,,
,,739310015,,仙骨神経刺激装置（長期留置型）,,,,,
,,750080000,,膀胱留置用ディスポーザブルカテーテル（在宅）（２管一般（１））,,,,,
,,770020070,,酸素補正率１．３（１気圧）,,,,,
,,770030070,,高気圧酸素加算,,,,,気圧
,,770040000,,窒素,,,,,Ｌ
,,770050000,,高線量率イリジウム,,,,,
,,770060000,,低線量率イリジウム,,,,,
,,770070000,,放射性粒子,,,,,
,,770080000,,コバルト,,,,,
,,770090000,,検査等で使用したガスの費用,,,,,Ｌ
,,770100000,,現像料,,,,,回
,,770110000,,送料,,,,,回
,,799990070,,フィルム料（乳幼児）加算,,,,,
