,,8282,,,,E^
,,8283,,,,E`^
,,8284,,,,EE^
,,8285,,,,E^
,,8286,,,,Eᕪ^
,,8287,,,,ESt^
,,8288,,,,ESt`^
,,8070,,,,O
,,8133,,,,EPOJ
,,8156,,,,PO^
,,7082,,,,POT
,,8088,,,,EPOT
,,8134,,,,EPPJ
,,8157,,,,PP^
,,7083,,,,PPT
,,8089,,,,EPPT
,,8158,,,,PQ^
,,7084,,,,PQT
,,8090,,,,EPQT
,,8159,,,,PR^
,,7085,,,,PRT
,,8091,,,,EPRT
,,8160,,,,PS^
,,8092,,,,EPST
,,7086,,,,PST
,,8161,,,,PT^
,,7087,,,,PTT
,,8093,,,,EPTT
,,8162,,,,PU^
,,8094,,,,EPUT
,,7088,,,,PUT
,,8163,,,,PV^
,,8095,,,,EPVT
,,7089,,,,PVT
,,8164,,,,PW^
,,8096,,,,EPWT
,,7090,,,,PWT
,,8165,,,,PX^
,,7091,,,,PXT
,,8097,,,,EPXT
,,8205,,,,P`^
,,8190,,,,h`
,,8206,,,,Pa^
,,8191,,,,ha
,,8207,,,,Pb^
,,8192,,,,hb
,,8208,,,,Pc^
,,8209,,,,Pd^
,,8210,,,,Pe^
,,8211,,,,Pf^
,,8212,,,,Pg^
,,8124,,,,EPJ
,,8049,,,,P^
,,8074,,,,h
,,8079,,,,EPT
,,7251,,,,PT
,,8050,,,,Px
,,8166,,,,QO^
,,7092,,,,QOT
,,8098,,,,EQOT
,,8167,,,,QP^
,,8099,,,,EQPT
,,7093,,,,QPT
,,8168,,,,QQ^
,,8100,,,,EQQT
,,7094,,,,QQT
,,8169,,,,QR^
,,7095,,,,QRT
,,8101,,,,EQRT
,,8170,,,,QS^
,,8102,,,,EQST
,,7096,,,,QST
,,8171,,,,QT^
,,7097,,,,QTT
,,8103,,,,EQTT
,,8172,,,,QU^
,,7098,,,,QUT
,,8104,,,,EQUT
,,8173,,,,QV^
,,7099,,,,QVT
,,8105,,,,EQVT
,,8174,,,,QW^
,,7100,,,,QWT
,,8106,,,,EQWT
,,8175,,,,QX^
,,8107,,,,EQXT
,,7101,,,,QXT
,,8213,,,,Q`^
,,8193,,,,hh`
,,8214,,,,Qa^
,,8194,,,,hha
,,8215,,,,Qb^
,,8195,,,,hhb
,,8216,,,,Qc^
,,8217,,,,Qd^
,,8218,,,,Qe^
,,8219,,,,Qf^
,,8220,,,,Qg^
,,8221,,,,Qh^
,,8222,,,,Qi^
,,8223,,,,Qj^
,,8224,,,,Qk^
,,8225,,,,Ql^
,,8226,,,,Qm^
,,8227,,,,Qn^
,,8228,,,,Qo^
,,8229,,,,Qp^
,,8230,,,,Qq^
,,8231,,,,Qr^
,,8232,,,,Qs^
,,8125,,,,EQJ
,,8051,,,,Q^
,,8072,,,,hh
,,8080,,,,EQT
,,7252,,,,QT
,,8052,,,,Qx
,,8176,,,,RO^
,,7102,,,,ROT
,,8108,,,,EROT
,,8177,,,,RP^
,,8109,,,,ERPT
,,7103,,,,RPT
,,8178,,,,RQ^
,,7104,,,,RQT
,,8110,,,,ERQT
,,8179,,,,RR^
,,7105,,,,RRT
,,8111,,,,ERRT
,,8180,,,,RS^
,,7106,,,,RST
,,8112,,,,ERST
,,8181,,,,RT^
,,8113,,,,ERTT
,,7107,,,,RTT
,,8182,,,,RU^
,,7108,,,,RUT
,,8114,,,,ERUT
,,8115,,,,ERVT
,,7109,,,,RVT
,,7110,,,,RWT
,,8116,,,,ERWT
,,8117,,,,ERXT
,,7111,,,,RXT
,,8196,,,,hhh`
,,8197,,,,hhha
,,8198,,,,hhhb
,,8126,,,,ERJ
,,8053,,,,R^
,,8071,,,,hhh
,,8272,,,,ERȏ
,,8081,,,,ERT
,,7253,,,,RT
,,8054,,,,Rx
,,7112,,,,SOT
,,8118,,,,ESOT
,,8119,,,,ESPT
,,7113,,,,SPT
,,7114,,,,SQT
,,8120,,,,ESQT
,,8121,,,,ESRT
,,7115,,,,SRT
,,7116,,,,SST
,,8122,,,,ESST
,,8123,,,,ESTT
,,7117,,,,STT
,,8199,,,,hu`
,,8200,,,,hua
,,8201,,,,hub
,,8127,,,,ESJ
,,8055,,,,S^
,,8073,,,,hu
,,7118,,,,ST
,,8082,,,,EST
,,8056,,,,Sx
,,8128,,,,ETJ
,,8151,,,,T^
,,7119,,,,TT
,,8083,,,,ETT
,,8129,,,,EUJ
,,8152,,,,U^
,,8273,,,,EUȏ
,,7120,,,,UT
,,8084,,,,EUT
,,8130,,,,EVJ
,,8153,,,,V^
,,7121,,,,VT
,,8085,,,,EVT
,,8131,,,,EWJ
,,8154,,,,W^
,,8086,,,,EWT
,,7122,,,,WT
,,8132,,,,EXJ
,,8155,,,,X^
,,8087,,,,EXT
,,7123,,,,XT
,,7471,,,,`eoY
,,7533,,,,`kj`VLi[[jQܒR
,,7485,,,,`kjZ`qz
,,8237,,,,E`rh`|`
,,8238,,,,E`rh`|a
,,8239,,,,E`rh`|b
,,8043,,,,`^
,,7486,,,,aq`e`qψٗz
,,7520,,,,aqb`P`qψٗz
,,7521,,,,aqb`Q`qψٗz
,,7522,,,,aqb``qψٗz
,,8044,,,,a^
,,7540,,,,bcPXz
,,7468,,,,bcQOz
,,7517,,,,bcQQz
,,7534,,,,bcROz
,,1126,,,,bl֐
,,8045,,,,b^
,,1124,,,,cho֐
,,8046,,,,c^
,,7503,,,,dfeq@sVXOlψٗz
,,7469,,,,dfeq`qψٗz
,,7504,,,,dfeq`VLi[[jQR
,,7569,,,,dygQ`qψٗz
,,8047,,,,d^
,,7596,,,,efeqPZ`qz
,,7570,,,,efeqQZ`qz
,,7571,,,,efeqjQܓ^ɔ
,,7535,,,,eksR`qψٗz
,,7541,,,,f|breY
,,7523,,,,fk``qψٗz
,,7597,,,,gdqQidqaaQj`qψٗz
,,7524,,,,gdqQA
,,7598,,,,gdqQᔭ
,,7554,,,,gdqQz
,,1122,,,,ho֐
,,7472,,,,hfS֘A
,,7579,,,,jq`r@fPQbψٗz
,,7487,,,,jq`r`q쐶^
,,7555,,,,lds`qGN\PSXLbsOz
,,1121,,,,lo֐
,,7536,,,,lrh|gL
,,7542,,,,msqjZ`qz
,,7556,,,,oc|kPz
,,1123,,,,oho֐
,,7543,,,,q`r`q쐶^
,,7580,,,,qdsZ`qz
,,7510,,,,qnrPZ`qz
,,7599,,,,qodUT`qψٗz
,,1201,,,,r󌋒
,,8279,,,,r󌋒Z
,,7302,,,,rÖ
,,7581,,,,sla|gL
,,4001,,,,}
,,1401,,,,ALXF
,,5001,,,,
,,1068,,,,
,,1566,,,,M
,,1554,,,,w
,,7342,,,,EP
,,3001,,,,
,,3002,,,,Ags[
,,5002,,,,At^
,,7128,,,,Au~
,,4002,,,,
,,3003,,,,AJ
,,3004,,,,AR[
,,3005,,,,AM[
,,7480,,,,Ə㕔
,,3006,,,,AjA
,,1202,,,,
,,1203,,,,݊p
,,5003,,,,ٌ^
,,3007,,,,㌴
,,7250,,,,ڍs
,,5004,,,,ڍs
,,7134,,,,c
,,5005,,,,ޏk
,,5006,,,,ޏk
,,3008,,,,ُ
,,8240,,,,ݐZ
,,8001,,,,ُ
,,7133,,,,ݑO땔
,,1946,,,,ݑ̕
,,4003,,,,ꎟ
,,3009,,,,ꎟI
,,4004,,,,ꎞI
,,4005,,,,ꕔ
,,4006,,,,ߐ
,,7135,,,,ꑤ
,,7488,,,,ꑤ
,,1204,,,,ݒꕔ
,,3010,,,,`
,,3011,,,,ٕ
,,7473,,,,C}`juϐ
,,1901,,,,Aj
,,1902,,,,As
,,7136,,,,A
,,7314,,,,Aҕ
,,1903,,,,AO
,,1801,,,,
,,3012,,,,@
,,1904,,,,Â
,,1905,,,,A
,,3013,,,,ECX
,,1947,,,,GrՑ
,,1948,,,,GˋN
,,1301,,,,ES
,,1302,,,,ES[
,,1166,,,,G퍽
,,5007,,,,
,,5008,,,,ؐ
,,7489,,,,Et
,,5009,,,,^
,,5010,,,,^i
,,5011,,,,^
,,1802,,,,iv
,,1803,,,,iv
,,4007,,,,iv
,,1906,,,,A
,,1002,,,,|
,,1303,,,,|
,,1304,,,,|p
,,5012,,,,󎀐
,,5013,,,,s
,,2002,,,,
,,1132,,,,ʎwߊԊ֐
,,1160,,,,ʒ[
,,7392,,,,~
,,5014,,,,u
,,7544,,,,u]ڂ̂
,,7545,,,,u]ڂ̂Ȃ
,,7137,,,,~`
,,3014,,,,
,,5015,,,,
,,3015,,,,ǌ
,,5016,,,,ǐ
,,7600,,,,ǐ]𔺂
,,7562,,,,S
,,1402,,,,
,,7138,,,,~
,,1205,,,,u
,,1949,,,,u
,,1206,,,,s
,,8241,,,,sZ
,,1601,,,,ˋN
,,7139,,,,
,,1701,,,,
,,7352,,,,IgKC
,,7343,,,,IgKC
,,7353,,,,IgKCE
,,7289,,,,IgKC
,,7568,,,,IsIChU
,,7537,,,,p
,,2003,,,,
,,1403,,,,O
,,3016,,,,󌌕a
,,1207,,,,
,,5017,,,,]
,,1404,,,,
,,5018,,,,J
,,7303,,,,CȐÖ
,,1208,,,,ӕ
,,5019,,,,ᇐ
,,5020,,,,𗣐
,,1804,,,,
,,8233,,,,EO
,,1003,,,,{
,,1602,,,,{
,,1405,,,,{_o
,,1004,,,,{
,,7142,,,,w
,,7546,,,,wÖ@
,,7248,,,,wÖ@ɔ
,,1702,,,,
,,7001,,,,ċG
,,1805,,,,嗋H
,,5021,,,,p
,,1950,,,,p
,,3017,,,,j
,,1703,,,,p
,,5022,,,,s
,,1209,,,,s
,,1005,,,,
,,1305,,,,p
,,7332,,,,O
,,7338,,,,O
,,1210,,,,cu
,,1406,,,,
,,3018,,,,̐
,,7002,,,,
,,7143,,,,
,,7378,,,,O
,,2004,,,,
,,3019,,,,Ƒ
,,1024,,,,
,,1006,,,,
,,1407,,,,ډՑ
,,1408,,,,ڋؖ
,,1529,,,,ڍ
,,1603,,,,ڍ
,,1530,,,,ڍ߈ʕ
,,1531,,,,ڍz
,,1615,,,,֐
,,5023,,,,J^
,,1951,,,,Ö
,,8242,,,,ÖZ
,,1409,,,,Ԑ_o
,,1410,,,,w
,,7254,,,,t
,,5024,,,,
,,7149,,,,
,,7148,,,,
,,7476,,,,Je[e
,,4008,,,,ߓx
,,8234,,,,E
,,5025,,,,^
,,7601,,,,^ǂ𔺂
,,1007,,,,g
,,1806,,,,@b
,,3020,,,,ߕq
,,1008,,,,
,,7003,,,,ƕw
,,2005,,,,
,,1211,,,,H
,,7144,,,,ݕ
,,7140,,,,
,,7150,,,,Ԍ
,,7141,,,,t
,,7478,,,,Joylϐ
,,6026,,,,
,,1952,,,,
,,5026,,,,
,,8003,,,,ɉ
,,8276,,,,
,,5027,,,,o
,,7153,,,,̊
,,7151,,,,
,,1212,,,,̊O_
,,4009,,,,Ԍ
,,3021,,,,d
,,1953,,,,
,,1954,,,,P
,,5028,,,,ԎC
,,1009,,,,w
,,1296,,,,wߍ
,,1297,,,,wߍ
,,5029,,,,Ԏ
,,1298,,,,wߍ
,,8243,,,,̐Z
,,5030,,,,]
,,1561,,,,֐
,,1374,,,,
,,3022,,,,JW_
,,5031,,,,
,,5032,,,,
,,1955,,,,󓮖
,,1956,,,,̐Ö
,,5033,,,,
,,1010,,,,֐
,,7315,,,,֐ߓ
,,7152,,,,B
,,3023,,,,
,,5034,,,,S
,,7538,,,,S^
,,7511,,,,^
,,5035,,,,
,,1213,,,,̑
,,4010,,,,ԑ㐫
,,1957,,,,
,,5036,,,,Ɠ
,,1958,,,,̓
,,7154,,,,̓
,,1214,,,,̓_
,,4011,,,,ԓ
,,1411,,,,Ԕ]
,,5037,,,,Ҕ[
,,3024,,,,`
,,5038,,,,v
,,1215,,,,̖啔
,,8244,,,,̖啔Z
,,5039,,,,
,,8004,,,,Ǘ
,,3025,,,,␫
,,2006,,,,O
,,3026,,,,O
,,1907,,,,OA
,,7146,,,,O
,,1306,,,,OzÖ
,,1307,,,,Oz
,,3027,,,,O
,,3028,,,,O
,,1807,,,,O
,,1808,,,,O
,,8138,,,,OZ
,,1959,,,,O
,,7145,,,,OB
,,1412,,,,O
,,8042,,,,iOfj
,,2007,,,,O
,,7481,,,,O^
,,7490,,,,O
,,1564,,,,OՑ
,,1138,,,,O
,,7331,,,,OÖ
,,1308,,,,O
,,1960,,,,O]
,,1413,,,,O]_o
,,1908,,,,OA
,,1809,,,,O@
,,1414,,,,O΋
,,2008,,,,O
,,7393,,,,O
,,1001,,,,{
,,1810,,,,{
,,7354,,,,{
,,1811,,,,{B
,,1961,,,,{
,,1309,,,,{p
,,1604,,,,{֐
,,1605,,,,{
,,6001,,,,w
,,1011,,,,{
,,7147,,,,z
,,8005,,,,
,,8006,,,,
,,8189,,,,DP
,,1704,,,,
,,1012,,,,
,,1705,,,,|
,,7583,,,,|_o
,,7602,,,,񉻊wÖ@ɑ
,,1706,,,,|
,,1707,,,,|
,,1708,,,,ዅ
,,1709,,,,
,,1415,,,,
,,1710,,,,
,,3029,,,,
,,1416,,,,_o
,,3031,,,,ᐫ
,,3030,,,,
,,1711,,,,
,,1013,,,,
,,1606,,,,ʍ
,,1417,,,,ʐ_o
,,1418,,,,֋
,,3032,,,,@B
,,1216,,,,C
,,1217,,,,Cǎx
,,8245,,,,CǎxZ
,,1310,,,,Cǎxcup{
,,7329,,,,Cǎx
,,8139,,,,CǐZ
,,1218,,,,CǕ
,,5040,,,,Q쐫
,,7477,,,,댯hbOɂ
,,3033,,,,펿
,,7305,,,,Nn
,,7156,,,,C
,,1968,,,,Ö
,,3034,,,,񐶋ې
,,3035,,,,񐶒
,,7155,,,,ߊ֐
,,1969,,,,ߍ
,,7310,,,,iɂ
,,1909,,,,T
,,1970,,,,C
,,7129,,,,Lk^
,,3036,,,,@\
,,1962,,,,PW
,,1963,,,,
,,7355,,,,P㗲N
,,1107,,,,P
,,1419,,,,k_o
,,5041,,,,u]
,,4012,,,,}
,,4013,,,,}
,,4014,,,,}ᇐ
,,4015,,,,}^
,,4016,,,,}
,,4017,,,,}O
,,7311,,,,}
,,8007,,,,}
,,4018,,,,}
,,5042,,,,}p
,,7241,,,,u
,,7158,,,,
,,1420,,,,
,,5043,,,,E
,,7157,,,,E^
,,1014,,,,s
,,1311,,,,
,,1964,,,,o
,,1607,,,,
,,1608,,,,j
,,7159,,,,
,,1965,,,,
,,1609,,,,֐
,,5044,,,,
,,1421,,,,ˋ
,,7339,,,,j
,,1219,,,,B
,,7564,,,,j
,,1312,,,,哮
,,5045,,,,
,,1610,,,,
,,7004,,,,x
,,1812,,,,jS
,,1966,,,,
,,1015,,,,
,,1016,,,,j
,,1220,,,,H
,,1313,,,,哮
,,1017,,,,
,,8246,,,,ǐZ
,,1712,,,,
,,1967,,,,
,,1379,,,,
,,7257,,,,
,,5046,,,,Ǐ
,,7525,,,,Ǐis
,,5047,,,,Ǐ
,,7258,,,,
,,1611,,,,ˋN
,,3037,,,,
,,1612,,,,
,,1134,,,,֐
,,1133,,,,ڊ֐
,,5048,,,,
,,7259,,,,CՑ
,,3038,,,,N
,,5049,,,,T
,,1971,,,,G]
,,1422,,,,
,,7308,,,,؁EɒB
,,2009,,,,߈
,,1131,,,,߈ʎwߊԊ֐
,,5051,,,,؈ޏk
,,7161,,,,߈ʒ[
,,5052,,,,؋ْ
,,5053,,,,ߎ
,,7561,,,,ߐS
,,3039,,,,ؐ
,,5054,,,,ْ
,,7160,,,,ؓ
,,7005,,,,U
,,8008,,,,^
,,7006,,,,U
,,3041,,,,t
,,3040,,,,ts
,,3042,,,,琫
,,1221,,,,
,,1018,,,,늲
,,1314,,,,늲p
,,1423,,,,
,,1424,,,,F
,,7279,,,,
,,7124,,,,
,,7125,,,,
,,7126,,,,
,,7603,,,,NX}CVϐ
,,5050,,,,ᮗ
,,1713,,,,p
,,4019,,,,
,,1019,,,,z
,,7007,,,,y
,,1910,,,,z
,,1020,,,,z
,,7247,,,,oێsǂɂ
,,1613,,,,
,,1532,,,,ʒ[
,,1533,,,,[
,,1540,,,,
,,1534,,,,O
,,1536,,,,߈ʒ[
,,1535,,,,ߕ
,,1541,,,,
,,1542,,,,
,,1425,,,,_o
,,1537,,,,[
,,1538,,,,O
,,7292,,,,e
,,1972,,,,
,,1539,,,,N
,,7560,,,,`]
,,7008,,,,y
,,1426,,,,z_op
,,5055,,,,z
,,3043,,,,`sǐ
,,1614,,,,z
,,1378,,,,zŞˋN
,,1377,,,,zŒŋ|
,,1375,,,,zŒō
,,1376,,,,zŒő
,,7009,,,,yx
,,1315,,,,z
,,1973,,,,z
,,7260,,,,C֐
,,1021,,,,z
,,1222,,,,zH
,,1316,,,,zp
,,1317,,,,zp{
,,1023,,,,zr
,,1114,,,,zr
,,3044,,,,j
,,5056,,,,o
,,1318,,,,
,,3045,,,,Ǌg
,,3046,,,,ǐ
,,3047,,,,s
,,3048,,,,
,,7390,,,,
,,7162,,,,
,,5057,,,,ߐ
,,3049,,,,
,,1224,,,,
,,8247,,,,Z
,,1223,,,,t
,,7240,,,,
,,1714,,,,
,,5058,,,,C
,,1115,,,,zr
,,7163,,,,b
,,1145,,,,b
,,1146,,,,bԋ
,,7394,,,,b
,,1616,,,,b
,,1162,,,,b֐|
,,1163,,,,b
,,7164,,,,b
,,1116,,,,b
,,1617,,,,֐
,,1555,,,,֐
,,8204,,,,]
,,7236,,,,iDj`
,,7244,,,,F
,,1025,,,,
,,1164,,,,
,,1165,,,,􍽍
,,1022,,,,r
,,7010,,,,
,,1277,,,,
,,1278,,,,󍜎
,,7344,,,,s
,,7552,,,,ǌ^
,,5059,,,,ǐ
,,4020,,,,
,,1026,,,,
,,7168,,,,
,,7608,,,,Rlc`TR̗z
,,7604,,,,RlnfR̗z
,,7505,,,,x
,,7242,,,,
,,2011,,,,
,,1813,,,,
,,8009,,,,
,,3050,,,,␫
,,7474,,,,RCtGUϐ
,,1814,,,,p
,,7326,,,,㉺]
,,3051,,,,d
,,7167,,,,_o
,,1815,,,,W
,,1974,,,,W
,,7566,,,,W
,,1911,,,,Ί
,,4021,,,,
,,5060,,,,DC
,,4022,,,,Pv
,,1428,,,,
,,1427,,,,L
,,7169,,,,
,,1429,,,,Lؖ
,,7491,,,,
,,1816,,,,o
,,7356,,,,oO
,,1817,,,,o
,,1818,,,,oS
,,1819,,,,ol
,,1820,,,,o
,,7395,,,,Lz
,,7261,,,,
,,1319,,,,
,,7262,,,,z
,,3052,,,,
,,5061,,,,d
,,7357,,,,dW
,,7323,,,,ʓ
,,1715,,,,
,,5062,,,,
,,3053,,,,D_
,,5063,,,,Ff
,,1821,,,,O
,,7358,,,,OS
,,1109,,,,O
,,1149,,,,\Ց
,,7526,,,,cՑщEo^
,,1822,,,,bB
,,1823,,,,bB
,,3054,,,,bB
,,1824,,,,b
,,7293,,,,LՑѓ
,,2012,,,,
,,3055,,,,S
,,7313,,,,㑱
,,4023,,,,㐫
,,7320,,,,]
,,7345,,,,T~W
,,1430,,,,u
,,3056,,,,V
,,1825,,,,A
,,1826,,,,AW
,,1431,,,,㓪
,,1618,,,,㓪
,,1027,,,,㓪
,,1432,,,,㓪t
,,1320,,,,㓪p
,,7011,,,,x
,,1827,,,,
,,6002,,,,XN
,,7396,,,,Lw
,,3057,,,,㔭
,,5064,,,,LĐ
,,5065,,,,g
,,1225,,,,㕠
,,8248,,,,㕠Z
,,5066,,,,
,,2013,,,,㕔
,,1975,,,,
,,1028,,,,
,,7609,,,,^
,,2065,,,,
,,1226,,,,
,,7243,,,,
,,3058,,,,iN
,,7527,,,,XN
,,1433,,,,֋
,,1619,,,,Ҋ֐
,,3059,,,,ċz
,,1828,,,,ێ
,,7582,,,,i
,,7263,,,,[
,,1152,,,,[
,,1151,,,,
,,1159,,,,[
,,7264,,,,[
,,7605,,,,[𔺂Ȃ
,,1154,,,,[
,,1155,,,,
,,1156,,,,
,,1620,,,,
,,7567,,,,
,,1621,,,,
,,1622,,,,זE
,,1153,,,,
,,8249,,,,Z
,,1227,,,,
,,8250,,,,Z
,,3060,,,,
,,3061,,,,낤
,,1623,,,,
,,1625,,,,
,,1626,,,,
,,1030,,,,Փ
,,7171,,,,
,,5067,,,,Œ
,,7165,,,,ÓT^
,,7482,,,,ǔ^
,,7483,,,,ǔ
,,1829,,,,ۖ
,,3062,,,,
,,7172,,,,^
,,5068,,,,
,,3063,,,,
,,2010,,,,
,,7166,,,,뚋
,,1031,,,,`
,,1228,,,,׋Cǎx
,,3064,,,,׋ې
,,7492,,,,ŏd
,,3065,,,,Đsǐ
,,1912,,,,`
,,1229,,,,ג_
,,4024,,,,Ĕ
,,7584,,,,ĔXN
,,4025,,,,Ĕ
,,5069,,,,Ĕj
,,1627,,,,
,,1321,,,,Ö
,,1322,,,,
,,1323,,,,p{
,,7173,,,,|
,,1324,,,,S
,,1325,,,,S[
,,3066,,,,Cߐ
,,2060,,,,E
,,7493,,,,t
,,1976,,,,O
,,1434,,,,Op
,,1283,,,,Op
,,1435,,,,O_o
,,5070,,,,\H
,,3067,,,,Y
,,1326,,,,O
,,5071,,,,U
,,1628,,,,
,,1977,,,,
,,1436,,,,_o
,,5072,,,,c
,,1230,,,,c
,,1032,,,,w
,,1033,,,,
,,7177,,,,
,,1983,,,,w
,,1040,,,,
,,1830,,,,
,,5073,,,,oɐ
,,1119,,,,w֐
,,1629,,,,֐
,,7359,,,,ԓ
,,1831,,,,
,,1573,,,,ߍ
,,5074,,,,Ff
,,1913,,,,q{
,,1914,,,,q{z
,,8251,,,,q{Z
,,1915,,,,q{̕
,,1916,,,,q{T
,,8252,,,,q{tZ
,,1832,,,,
,,7174,,,,w
,,3068,,,,h
,,3069,,,,h
,,1631,,,,䍜
,,1984,,,,⿍
,,1630,,,,w
,,1833,,,,⿍
,,1834,,,,
,,1041,,,,l
,,7176,,,,w
,,7178,,,,
,,6003,,,,vt
,,1985,,,,
,,1437,,,,
,,7175,,,,wL
,,1438,,,,_o
,,1716,,,,_o
,,1439,,,,_o
,,1717,,,,_o
,,2015,,,,
,,3070,,,,
,,1125,,,,wߊԊ֐
,,1286,,,,wߍ
,,7557,,,,w땔
,,3071,,,,R
,,7179,,,,
,,1986,,,,
,,1560,,,,wߊ֐
,,1574,,,,䒆ߍ
,,7585,,,,G|
,,8010,,,,
,,3072,,,,
,,5075,,,,]
,,5076,,,,
,,7397,,,,G|
,,1043,,,,G|
,,1641,,,,GW
,,1440,,,,GWՑ
,,1139,,,,GO
,,7265,,,,GWڊ֐
,,1148,,,,G\Ց
,,1137,,,,G
,,1135,,,,G
,,1044,,,,G
,,1835,,,,
,,7360,,,,
,,7361,,,,
,,7365,,,,jڍs
,,7363,,,,a
,,7364,,,,S
,,7362,,,,Oڍs
,,3073,,,,a
,,1575,,,,䖖ߍ
,,7277,,,,ڑ
,,7398,,,,ڑ荪
,,7399,,,,ڑ荪L
,,1144,,,,ڑՑ
,,1917,,,,ː
,,1642,,,,ڍ
,,1184,,,,ڍsˋN
,,1183,,,,ڍ
,,1559,,,,ڍ荪֐
,,1441,,,,ڍ_o
,,1182,,,,ڍI
,,1185,,,,ڍ
,,1327,,,,ڍ
,,1186,,,,ڍ[
,,1045,,,,
,,7183,,,,
,,5078,,,,K
,,7012,,,,HG
,,4026,,,,
,,5079,,,,k
,,1199,,,,M
,,7185,,,,M󍜁ij
,,7184,,,,M󍜁ij
,,1643,,,,֐
,,1978,,,,Cǎx
,,1197,,,,荜
,,1979,,,,荪
,,1645,,,,荪
,,1130,,,,荪֐
,,7182,,,,w
,,1120,,,,w֐
,,1285,,,,w
,,1157,,,,q
,,1046,,,,菶
,,7506,,,,ps\
,,3074,,,,
,,7400,,,,蒎l
,,5080,,,,o
,,5081,,,,o
,,1047,,,,w
,,7401,,,,wԋ
,,1048,,,,蕔
,,3075,,,,ᇐ
,,7013,,,,tG
,,7014,,,,
,,8011,,,,
,,7245,,,,
,,1918,,,,AO
,,5077,,,,t
,,7402,,,,~
,,1980,,,,
,,5082,,,,
,,1442,,,,ʑ
,,3076,,,,sǐ
,,7403,,,,
,,1443,,,,΋
,,8012,,,,ǌ
,,8013,,,,ǌQ
,,5083,,,,ǌ
,,5084,,,,͍gMl
,,1644,,,,
,,1049,,,,w
,,7404,,,,wO]
,,1299,,,,wߍ
,,7405,,,,wL
,,1718,,,,Ɏq
,,7407,,,,Η
,,7406,,,,wΗ
,,1369,,,,wߍ
,,1370,,,,wߍ
,,8014,,,,Ǐ
,,7278,,,,
,,7408,,,,ԋ
,,7340,,,,tB
,,1231,,,,
,,1232,,,,Ԗ
,,8253,,,,Z
,,7299,,,,a
,,6004,,,,
,,7187,,,,
,,6005,,,,
,,1444,,,,]
,,7266,,,,CՑ
,,1981,,,,ݐÖ
,,1982,,,,
,,7409,,,,H`
,,1280,,,,H`
,,1233,,,,^
,,3077,,,,EƐ
,,3078,,,,H
,,1234,,,,H
,,8136,,,,HZ
,,7188,,,,HE
,,4027,,,,
,,1142,,,,Vp[֐
,,6006,,,,V
,,5085,,,,R
,,1328,,,,S
,,3079,,,,S
,,1445,,,,L
,,1987,,,,S
,,1446,,,,LF
,,3080,,,,^ې
,,1447,,,,_o
,,3081,,,,_o
,,1448,,,,_oؐڍ
,,3082,,,,_oǐ
,,3083,,,,_o
,,7190,,,,_o
,,7191,,,,_op
,,4028,,,,is
,,7189,,,,[ݐ
,,7410,,,,[w
,,1329,,,,S
,,5086,,,,S
,,7470,,,,NP
,,5087,,,,o
,,5088,,,,NH
,,8041,,,,iSgǁj
,,5089,,,,Sgǌ^
,,5090,,,,Z
,,7015,,,,^
,,6007,,,,V
,,7563,,,,O
,,7280,,,,L
,,1330,,,,S
,,7594,,,,[B
,,3165,,,,S~
,,7553,,,,iW^
,,1988,,,,S
,,3166,,,,Sx~
,,7306,,,,^ɒB
,,1331,,,,S[
,,5091,,,,S[
,,1989,,,,S
,,1836,,,,
,,1837,,,,
,,1332,,,,ナp
,,3084,,,,Ɛ
,,1838,,,,B
,,7346,,,,B
,,1839,,,,
,,1994,,,,
,,7290,,,,㕔
,,7282,,,,ȌAɔ
,,7283,,,,ȖƉu
,,1050,,,,w
,,1290,,,,wߍ
,,7411,,,,wL
,,1291,,,,wߍ
,,1292,,,,wߍ
,,1840,,,,
,,7181,,,,
,,7291,,,,
,,5092,,,,
,,7304,,,,O
,,4029,,,,
,,3085,,,,
,,7180,,,,
,,3086,,,,
,,3087,,,,WteA
,,1841,,,,
,,6008,,,,N^
,,6009,,,,N
,,7016,,,,d
,,1990,,,,cu
,,1235,,,,cu
,,7017,,,,d
,,1449,,,,\Ց
,,7018,,,,dx
,,1236,,,,\w
,,1237,,,,\w
,,8254,,,,\wZ
,,1238,,,,\w
,,7019,,,,d
,,3088,,,,p
,,8015,,,,pǗ
,,3089,,,,pt
,,3090,,,,p␫
,,8016,,,,pĔ
,,8017,,,,pQ
,,3091,,,,p㐫
,,5093,,,,pn
,,7284,,,,p
,,7309,,,,󓮋iɂ
,,5094,,,,󓮐
,,7498,,,,
,,2016,,,,
,,1842,,,,
,,8235,,,,EO
,,1051,,,,{
,,7366,,,,{ߕ
,,1646,,,,{
,,1450,,,,{_o
,,1843,,,,{
,,1052,,,,{
,,1719,,,,
,,1991,,,,C
,,5095,,,,s
,,1239,,,,s
,,1053,,,,㎈
,,5096,,,,㎺
,,4030,,,,K
,,7324,,,,㏬]
,,1333,,,,㎈p
,,7333,,,,O
,,7341,,,,O
,,1240,,,,cu
,,7267,,,,O
,,2017,,,,㑤
,,8018,,,,
,,1992,,,,Ö
,,8236,,,,E
,,1054,,,,㔼g
,,1055,,,,㕠
,,2018,,,,㕔
,,1241,,,,㕔H
,,1993,,,,Ö
,,7558,,,,Öh
,,1334,,,,Ö
,,7412,,,,t
,,1056,,,,r
,,1180,,,,r㕔
,,1172,,,,rOȌz
,,1647,,,,r
,,1179,,,,r
,,1173,,,,r[
,,1174,,,,r
,,1175,,,,rO
,,1177,,,,rO
,,1170,,,,rz
,,1171,,,,rOȌz
,,1169,,,,r
,,1167,,,,r
,,1181,,,,r
,,1178,,,,r
,,1176,,,,r
,,1451,,,,rO
,,1168,,,,r匋ߕ
,,1335,,,,r
,,1452,,,,r񓪋
,,5097,,,,ጐ
,,7186,,,,
,,6010,,,,
,,1453,,,,_o
,,1242,,,,t
,,1920,,,,t
,,3092,,,,tǐ
,,3093,,,,lH
,,1995,,,,lH
,,1997,,,,lH
,,7192,,,,lH
,,1057,,,,lH
,,1058,,,,lH啔
,,1996,,,,lH
,,8255,,,,tZ
,,5098,,,,q퐫
,,1336,,,,tÖ
,,3094,,,,t
,,1243,,,,t
,,1998,,,,Ց
,,1337,,,,t
,,1999,,,,X
,,1244,,,,X
,,7512,,,,Xꕔ
,,1720,,,,
,,8256,,,,XZ
,,7572,,,,tǂ𔺂
,,1245,,,,X
,,1246,,,,X
,,1247,,,,X
,,5099,,,,
,,5100,,,,v
,,7347,,,,XLX^
,,8183,,,,Xe[WO
,,8184,,,,Xe[WP
,,8185,,,,Xe[WQ
,,8186,,,,Xe[WR
,,8187,,,,Xe[WS
,,8188,,,,Xe[WT
,,7336,,,,XeChˑ
,,3095,,,,XeCh
,,7507,,,,XeChR
,,7281,,,,XgX
,,7387,,,,O
,,8019,,,,
,,7020,,,,
,,1454,,,,
,,8257,,,,Z
,,1921,,,,
,,1922,,,,
,,7194,,,,B
,,5101,,,,n
,,7193,,,,l
,,6011,,,,l^
,,6012,,,,l
,,1732,,,,
,,1733,,,,
,,1844,,,,
,,2019,,,,
,,1455,,,,_o
,,6013,,,,
,,7195,,,,N
,,6014,,,,N
,,1923,,,,̂
,,8258,,,,̂Z
,,1734,,,,
,,7021,,,,I
,,1456,,,,Ґ
,,5102,,,,Ґ
,,7196,,,,Ғ
,,1648,,,,Ғ
,,1373,,,,ҒŌ
,,1059,,,,؊J
,,7367,,,,؎E
,,7368,,,,؎
,,3096,,,,ڐG
,,4032,,,,ؔ
,,3097,,,,؏
,,4031,,,,؏Ĕ
,,7475,,,,؏s\
,,7606,,,,؏s\ȐisEĔ
,,1060,,,,؏
,,1061,,,,ؒf[
,,5103,,,,ې
,,1649,,,,ۓ
,,4033,,,,J
,,5104,,,,B|
,,3098,,,,E
,,1650,,,,卜
,,1457,,,,卜_op
,,8259,,,,卜Z
,,1117,,,,卜
,,4034,,,,ݐ
,,1384,,,,卿
,,7413,,,,w
,,7312,,,,i
,,5105,,,,
,,7198,,,,
,,3099,,,,B
,,7239,,,,i򐫁j`
,,7595,,,,B
,,7197,,,,[
,,7586,,,,ړ
,,1562,,,,咰֐
,,1737,,,,咰Ց
,,1651,,,,
,,3100,,,,V
,,3101,,,,V
,,5106,,,,
,,1459,,,,㉺_o
,,1846,,,,㉺B
,,7369,,,,㉺
,,7372,,,,㉺
,,1847,,,,㍪
,,7348,,,,
,,7565,,,,㑤
,,1849,,,,㑤
,,7373,,,,w
,,1845,,,,
,,1458,,,,_o
,,7370,,,,㉏
,,7371,,,,㉺
,,1738,,,,㍜
,,1848,,,,㏬
,,1850,,,,
,,2020,,,,O
,,2021,,,,S
,,7325,,,,O]
,,1652,,,,Oz
,,1062,,,,Oz
,,4035,,,,O
,,1108,,,,OP
,,1063,,,,O
,,7414,,,,O
,,7268,,,,OCՑ
,,7494,,,,O
,,1460,,,,O
,,1338,,,,O
,,7322,,,,Oʓ
,,1034,,,,Sw
,,1739,,,,S
,,1632,,,,Sw
,,1106,,,,O
,,7587,,,,OˋN
,,2022,,,,Sg
,,7513,,,,Sg^
,,7199,,,,Sg
,,1740,,,,Ocu
,,1248,,,,Ocu
,,1150,,,,O\Ց
,,3102,,,,b
,,7321,,,,O]
,,7349,,,,OT~W
,,1461,,,,O_o
,,1741,,,,O땔
,,1851,,,,OH
,,1462,,,,O
,,1653,,,,O
,,1852,,,,O
,,1064,,,,O
,,1463,,,,Ot
,,2023,,,,O
,,2066,,,,O
,,1924,,,,OB
,,8260,,,,OBZ
,,1065,,,,Or
,,1654,,,,Or
,,1742,,,,܉
,,4036,,,,
,,1339,,,,z
,,7415,,,,oq
,,1464,,,,wL
,,1249,,,,_
,,7588,,,,ړ
,,7334,,,,Ö
,,1340,,,,
,,6015,,,,sN
,,3103,,,,~ঐ
,,7200,,,,
,,1465,,,,mX
,,1341,,,,mX
,,1066,,,,
,,1655,,,,֐
,,1549,,,,֐
,,1551,,,,֐ߊO
,,7255,,,,֐ߊO
,,1550,,,,֐ߓ
,,7256,,,,֐ߓ
,,1552,,,,֐C
,,1548,,,,֐ߗ
,,1067,,,,
,,1466,,,,
,,1656,,,,
,,1565,,,,
,,1140,,,,w֐
,,1572,,,,w
,,1069,,,,G
,,7416,,,,l
,,1070,,,,
,,7417,,,,
,,1342,,,,ꓮ
,,7418,,,,`
,,1467,,,,
,,1657,,,,
,,1071,,,,
,,1468,,,,t
,,1072,,,,w
,,7419,,,,wԋ
,,1343,,,,w
,,1743,,,,
,,7246,,,,ꋌa
,,1073,,,,ꋌa
,,1344,,,,ꋌap
,,3104,,,,j
,,7573,,,,\}gX^`e̗z
,,7547,,,,זEڐA
,,5107,,,,B
,,2024,,,,
,,8077,,,,
,,3105,,,,
,,3106,,,,̈ʐ
,,1744,,,,̊
,,3107,,,,̎
,,3108,,,,Ӑ
,,6016,,,,َ
,,6017,,,,َ
,,5108,,,,я
,,3109,,,,яv]
,,7499,,,,Α
,,1925,,,,ٔ
,,7201,,,,̕
,,1745,,,,^
,,7202,,,,^
,,1255,,,,^
,,5109,,,,`
,,7610,,,,`^
,,5110,,,,`o
,,5111,,,,`
,,7518,,,,ܑϐ
,,5112,,,,
,,5113,,,,
,,5114,,,,ߐ
,,5115,,,,P
,,1250,,,,_
,,8261,,,,_ǐZ
,,3110,,,,PN[
,,7420,,,,Z
,,7421,,,,ZL
,,7422,,,,Z
,,7424,,,,Z
,,7423,,,,Zw
,,5116,,,,P
,,5117,,,,P^
,,5118,,,,P
,,7574,,,,W
,,7425,,,,Z荪L
,,1251,,,,_
,,1074,,,,_
,,7426,,,,Z]
,,1252,,,,_̂
,,5119,,,,`A
,,5120,,,,P
,,7427,,,,ZC
,,7428,,,,ZwO]
,,7429,,,,Zw
,,7430,,,,Z
,,7431,,,,ZwL
,,7432,,,,ZL
,,7022,,,,
,,2025,,,,P
,,2069,,,,PEQ
,,2026,,,,PO
,,2067,,,,POEPP
,,1746,,,,PO
,,1469,,,,PO]_o
,,1747,,,,PO]
,,2027,,,,PP
,,2068,,,,PPEPQ
,,1748,,,,PP
,,1470,,,,PP]_o
,,1749,,,,PP]
,,2028,,,,PQ
,,1750,,,,PQ
,,1751,,,,PQŁEPŊ
,,1471,,,,PQ]_o
,,1752,,,,PQ]
,,2029,,,,PR
,,8020,,,,P^
,,8021,,,,P
,,1753,,,,P
,,1754,,,,Pz
,,1568,,,,Ꞷ
,,2030,,,,P}
,,1035,,,,Pw
,,7379,,,,Pq
,,1941,,,,P
,,1633,,,,Pw
,,1662,,,,P荜
,,8022,,,,Px
,,1472,,,,P]_o
,,1755,,,,P
,,1756,,,,P]
,,2031,,,,Q
,,2070,,,,QER
,,8023,,,,Q^
,,8024,,,,Q
,,1757,,,,Q
,,1758,,,,Qz
,,1569,,,,񞶏
,,1942,,,,Q
,,7380,,,,Qq
,,2032,,,,Q}
,,1036,,,,Qw
,,1634,,,,Qw
,,1663,,,,Q荜
,,8025,,,,Qx
,,1473,,,,Q]_o
,,1759,,,,Q
,,1760,,,,Q]
,,2033,,,,R
,,2071,,,,RES
,,8026,,,,R^
,,8027,,,,R
,,1761,,,,R
,,1762,,,,Rz
,,1570,,,,O
,,1037,,,,Rw
,,7381,,,,Rq
,,1943,,,,R
,,2034,,,,R}
,,1635,,,,Rw
,,1664,,,,R荜
,,8028,,,,Rx
,,1763,,,,R]
,,1474,,,,R]_o
,,1764,,,,R
,,1765,,,,R]
,,2035,,,,S
,,2072,,,,SET
,,8029,,,,S^
,,8030,,,,S
,,1766,,,,S
,,1767,,,,Sz
,,1944,,,,S
,,1038,,,,Sw
,,7382,,,,Sq
,,1636,,,,Sw
,,1665,,,,S荜
,,8031,,,,Sx
,,1768,,,,S]
,,1475,,,,S]_o
,,1769,,,,S
,,1770,,,,S]
,,2036,,,,T
,,2073,,,,TEU
,,8032,,,,T^
,,8033,,,,T
,,1771,,,,T
,,1772,,,,Tz
,,1945,,,,T
,,1039,,,,Tw
,,7383,,,,Tq
,,1637,,,,Tw
,,1666,,,,T荜
,,1476,,,,T]_o
,,1773,,,,T
,,1774,,,,T]
,,2037,,,,U
,,2074,,,,UEV
,,8034,,,,U^
,,1775,,,,U
,,1776,,,,Uz
,,7384,,,,Uq
,,1477,,,,U]_o
,,1777,,,,U]
,,2038,,,,V
,,2075,,,,VEW
,,1778,,,,V
,,1779,,,,Vz
,,1478,,,,V]_o
,,1780,,,,V]
,,2039,,,,W
,,2076,,,,WEX
,,1781,,,,W
,,1479,,,,W]_o
,,1782,,,,W]
,,2040,,,,X
,,2077,,,,XEPO
,,1783,,,,X
,,1480,,,,X]_o
,,1784,,,,X]
,,1926,,,,AO
,,1481,,,,~
,,1482,,,,勹
,,7374,,,,WE
,,1075,,,,㓪
,,1345,,,,Ö
,,1927,,,,OB
,,1076,,,,
,,7433,,,,ڋؖ
,,1389,,,,ڌz
,,7286,,,,ڍ
,,1386,,,,ڍ
,,1658,,,,ڍ
,,1527,,,,ڍ
,,1523,,,,ڍ[
,,1524,,,,ڍ
,,1525,,,,ڍO
,,1390,,,,ڍz
,,1388,,,,ڍz
,,1391,,,,ڍzO
,,1387,,,,ڍz
,,1392,,,,ڍz
,,1399,,,,ڍ
,,1394,,,,ڍz
,,1395,,,,ڍ]q
,,1397,,,,ڍ]q
,,1398,,,,ڍ]q
,,1396,,,,ڍ]q
,,1526,,,,ڍ
,,1393,,,,ڍz
,,1483,,,,ڎl
,,1484,,,,ڐ_o
,,7589,,,,ڐ[
,,1346,,,,ړ
,,1485,,,,ړ񓪋
,,1077,,,,ڕ
,,7434,,,,ڕ`
,,1253,,,,咰
,,1254,,,,咰Ԗ
,,7388,,,,咰ې
,,1486,,,,a
,,1347,,,,哮
,,1348,,,,哮|
,,8137,,,,哮Z
,,1349,,,,哮
,,7435,,,,]
,,1487,,,,]
,,1785,,,,啚ݐÖ
,,3111,,,,_C`
,,7436,,,,H`
,,1279,,,,H`
,,1928,,,,_OX|
,,5121,,,,Es
,,7611,,,,E^
,,6018,,,,j
,,1659,,,,p
,,7437,,,,p
,,1078,,,,p
,,1118,,,,p
,,1929,,,,T
,,7350,,,,T~W
,,8262,,,,TZ
,,1930,,,,TO
,,1931,,,,T
,,1932,,,,T
,,7203,,,,x
,,3112,,,,na
,,7023,,,,
,,7508,,,,x
,,1786,,,,
,,7204,,,,u
,,7205,,,,Ԍ^
,,7438,,,,I
,,1079,,,,w
,,1293,,,,wߍ
,,1294,,,,wߍ
,,1295,,,,wߍ
,,3113,,,,ˌ
,,1661,,,,荜
,,1127,,,,wߊԊ֐
,,1128,,,,wߊ֐
,,1129,,,,荪Ԋ֐
,,5122,,,,S
,,1853,,,,
,,1256,,,,cu
,,1257,,,,
,,2041,,,,
,,1488,,,,_o
,,8263,,,,_oZ
,,5123,,,,
,,1787,,,,ߍ
,,1667,,,,
,,1571,,,,
,,7319,,,,]
,,7269,,,,a
,,1489,,,,I
,,7479,,,,
,,7385,,,,x
,,3114,,,,Ő
,,1490,,,,]
,,1854,,,,@b
,,1080,,,,I
,,2042,,,,
,,1258,,,,H
,,7612,,,,^
,,7439,,,,t
,,7528,,,,XN
,,1259,,,,
,,7300,,,,
,,1260,,,,Ԗ
,,1350,,,,Ԗ
,,1788,,,,`
,,7590,,,,`
,,7287,,,,`
,,1855,,,,`
,,1668,,,,
,,1491,,,,
,,7440,,,,
,,7441,,,,L
,,1492,,,,wL
,,7442,,,,
,,1493,,,,_o
,,3115,,,,ߐ
,,7443,,,,荪L
,,7444,,,,]
,,7445,,,,C
,,7446,,,,wO]
,,7448,,,,
,,7447,,,,w
,,7449,,,,wL
,,7450,,,,L
,,7270,,,,
,,1351,,,,p{
,,1261,,,,
,,8280,,,,r󌋒Z
,,8264,,,,Z
,,7386,,,,ÒR
,,5124,,,,
,,1721,,,,`
,,1722,,,,`
,,7271,,,,ŊԊ֐
,,1669,,,,ŊԔ
,,1670,,,,ŋ|
,,1671,,,,ōE
,,1672,,,,ō
,,7328,,,,ō
,,1673,,,,ō]
,,1674,,,,ő
,,8035,,,,
,,7206,,,,ʔN
,,7130,,,,c`
,,1789,,,,
,,7509,,,,ራx
,,2043,,,,
,,3116,,,,`
,,5125,,,,ጌ
,,5126,,,,Ff
,,7451,,,,ꑤԋ
,,5127,,,,ᒣ
,,7613,,,,ᕪ^
,,7548,,,,pʃAXs^
,,7529,,,,჊XN
,,5128,,,,H
,,1198,,,,M
,,3117,,,,SR
,,3118,,,,]ڐ
,,5129,,,,Ă񂩂
,,1790,,,,eg
,,1791,,,,eg
,,1792,,,,eg㉺
,,3119,,,,`
,,1081,,,,a
,,7207,,,,
,,1675,,,,W
,,1676,,,,W
,,7301,,,,W
,,7024,,,,~G
,,1794,,,,z
,,1352,,,,zp
,,7208,,,,zp
,,1677,,,,
,,1161,,,,
,,1193,,,,􍜉ʒ[
,,1194,,,,􍜉[
,,1195,,,,􍜌sˋN
,,1187,,,,􍜌z
,,1192,,,,􍜍
,,1191,,,,􍜍
,,1188,,,,􍜍[
,,1558,,,,􍜎荪֐
,,1189,,,,􍜏
,,1494,,,,􍜐_o
,,1190,,,,􍜓
,,1353,,,,􍜓
,,1196,,,,􍜖[
,,1556,,,,ڊ֐
,,1557,,,,ڎ荪֐
,,1284,,,,
,,7559,,,,͎
,,7276,,,,
,,2044,,,,
,,7452,,,,荪
,,1143,,,,Ց
,,1678,,,,
,,1082,,,,
,,1495,,,,t
,,5130,,,,uɐ
,,3120,,,,Aa
,,1083,,,,
,,5131,,,,eᐫ
,,3121,,,,ꉊǐ
,,7210,,,,^
,,3122,,,,
,,4037,,,,˔
,,1795,,,,gR
,,1856,,,,Ǔ
,,1496,,,,_o
,,1723,,,,E
,,1354,,,,
,,7209,,,,
,,3123,,,,d
,,7211,,,,ݓI
,,2045,,,,
,,3124,,,,
,,1796,,,,
,,7272,,,,
,,1355,,,,zÖ
,,1356,,,,z
,,7591,,,,zᓮ
,,7330,,,,zʓ
,,7592,,,,zOp
,,7530,,,,u
,,1857,,,,
,,3125,,,,
,,1858,,,,H
,,1497,,,,
,,2046,,,,
,,7484,,,,^
,,7495,,,,
,,1147,,,,Ց
,,1136,,,,
,,1084,,,,
,,7335,,,,Ö
,,1357,,,,
,,1498,,,,]
,,7453,,,,΋
,,2047,,,,
,,3126,,,,含
,,7531,,,,Ö@Â
,,7454,,,,
,,7575,,,,
,,3127,,,,Ő
,,3128,,,,Ő
,,1859,,,,W
,,1679,,,,
,,1680,,,,
,,5132,,,,gD
,,4038,,,,
,,7212,,,,
,,5133,,,,
,,5134,,,,萫
,,3129,,,,jR`
,,3130,,,,񎟊
,,4039,,,,񎟐
,,3131,,,,񎟓I
,,7298,,,,Ց
,,1860,,,,
,,6019,,,,
,,6020,,,,^
,,1085,,,,
,,1086,,,,
,,1358,,,,ё
,,1087,,,,[
,,1797,,,,
,,1933,,,,A
,,8265,,,,AǐZ
,,5135,,,,A
,,1934,,,,A
,,5136,,,,DP
,,7025,,,,DPPOJ
,,7062,,,,DPPOT
,,7063,,,,DPPPT
,,7064,,,,DPPQT
,,7065,,,,DPPRT
,,7066,,,,DPPST
,,7067,,,,DPPTT
,,7068,,,,DPPUT
,,7069,,,,DPPVT
,,7070,,,,DPPWT
,,7071,,,,DPPXT
,,7072,,,,DPQOT
,,7073,,,,DPQPT
,,7074,,,,DPQQT
,,7075,,,,DPQRT
,,7076,,,,DPQST
,,7077,,,,DPQTT
,,7078,,,,DPQUT
,,7079,,,,DPQVT
,,7080,,,,DPQWT
,,7081,,,,DPQXT
,,7026,,,,DPQJ
,,7027,,,,DPROT
,,7028,,,,DPRPT
,,7029,,,,DPRQT
,,7030,,,,DPRRT
,,7031,,,,DPRST
,,7032,,,,DPRTT
,,7033,,,,DPRUT
,,7034,,,,DPRVT
,,7035,,,,DPRWT
,,7036,,,,DPRXT
,,7037,,,,DPRJ
,,7038,,,,DPSOT
,,7039,,,,DPSPT
,,7040,,,,DPSQT
,,7041,,,,DPSRT
,,7042,,,,DPSST
,,7043,,,,DPSTT
,,7044,,,,DPSJ
,,7056,,,,DPST
,,7045,,,,DPTJ
,,7057,,,,DPTT
,,7046,,,,DPUJ
,,7058,,,,DPUT
,,7047,,,,DPVJ
,,7059,,,,DPVT
,,7048,,,,DPWJ
,,7060,,,,DPWT
,,7049,,,,DPXJ
,,7061,,,,DPXT
,,7500,,,,DP
,,7050,,,,DP
,,5137,,,,DP
,,5138,,,,M
,,7614,,,,St^
,,7615,,,,St`^
,,1798,,,,S
,,1499,,,,]
,,1500,,,,]
,,3132,,,,]̐
,,1501,,,,]
,,5139,,,,]펿
,,1502,,,,]
,,1359,,,,]
,,7316,,,,][ǌ
,,1799,,,,]
,,5140,,,,^
,,7317,,,,]o
,,1503,,,,]_o
,,5141,,,,]
,,7467,,,,]
,,8002,,,,̋^
,,7327,,,,]ꓮ
,,3133,,,,]d
,,7213,,,,]
,,5142,,,,^v
,,1504,,,,]
,,8149,,,,̉񕜊
,,8147,,,,̊
,,8277,,,,̊
,,8060,,,,̊ɉ
,,8142,,,,̊
,,8202,,,,̋}
,,8061,,,,̋}
,,8266,,,,̋}
,,8058,,,,̌
,,8145,,,,̍Ċ
,,8141,,,,̍Đڒ
,,8063,,,,̍ĔR
,,8065,,,,̍Ĕ
,,8274,,,,̍Ĕ}
,,8066,,,,̏
,,8067,,,,̏
,,8048,,,,̏p
,,8278,,,,̏po
,,8057,,,,̏pQ
,,8064,,,,̏pO
,,8281,,,,̏ی
,,8068,,,,̑J
,,8140,,,,̑
,,8075,,,,̎Ì
,,8143,,,,͎̓{s
,,8144,,,,͓̓O
,,8069,,,,̓񎟊
,,8275,,,,̔Ǘ}
,,8135,,,,̔j
,,8148,,,,ፍ
,,8146,,,,̔
,,8150,,,,̕ːÌ
,,8062,,,,̔
,,8059,,,,̖
,,8203,,,,̖
,,8076,,,,̗\h
,,1262,,,,x
,,1263,,,,xt
,,1505,,,,w
,,7216,,,,x
,,3134,,,,sǐ
,,3135,,,,s
,,1360,,,,xÖ
,,1264,,,,xt
,,3136,,,,x
,,1800,,,,x땔
,,2048,,,,w
,,1265,,,,xt
,,1361,,,,x
,,1362,,,,x
,,1088,,,,w
,,7217,,,,x
,,1266,,,,x啔
,,7215,,,,pp
,,5143,,,,E
,,5144,,,,
,,5145,,,,d퐫
,,5146,,,,ُ퐫
,,7455,,,,
,,7273,,,,nXgO
,,5147,,,,j
,,1506,,,,_o
,,1507,,,,Fl
,,1508,,,,
,,5148,,,,ፍ
,,5149,,,,ፍ
,,1089,,,,g
,,3137,,,,
,,5150,,,,Ĕ
,,4040,,,,
,,5151,,,,At^
,,1509,,,,l
,,3138,,,,~Ő
,,7465,,,,
,,7214,,,,n
,,1935,,,,ogB
,,4041,,,,ӊ
,,7218,,,,Ӕ
,,1576,,,,B
,,7219,,,,牺
,,7576,,,,k
,,7307,,,,牺gDɒB
,,7389,,,,񂪂
,,5152,,,,
,,7127,,,,Ѝf
,,5153,,,,f
,,1681,,,,C
,,1545,,,,C
,,1546,,,,CO
,,1547,,,,C
,,1543,,,,C
,,1544,,,,C
,,1510,,,,C_o
,,1042,,,,G
,,1640,,,,G֐
,,1528,,,,G֐ߓ
,,7220,,,,玿
,,7514,,,,玿
,,3139,,,,玿
,,7515,,,,ǌ
,,1092,,,,I
,,1660,,,,I֐
,,3140,,,,qXe[
,,8267,,,,BZ
,,5154,,,,
,,2049,,,,
,,2063,,,,
,,1113,,,,{
,,2014,,,,
,,2064,,,,
,,1112,,,,{
,,1638,,,,Sw
,,1090,,,,g
,,3141,,,,q_gC
,,5155,,,,^
,,7221,,,,^I
,,5156,,,,ِ
,,5157,,,,ٓI
,,1093,,,,畆
,,1511,,,,C
,,8268,,,,畆Z
,,5158,,,,畆
,,7337,,,,wyX
,,5159,,,,\ݐ
,,7223,,,,\w
,,5160,,,,\w
,,1512,,,,q
,,5161,,,,n
,,1861,,,,@
,,1094,,,,
,,1095,,,,
,,1862,,,,@o
,,1863,,,,@
,,1682,,,,
,,1553,,,,
,,7577,,,,j
,,1096,,,,㕔
,,7496,,,,t
,,5162,,,,@
,,7294,,,,@땔
,,1736,,,,@O
,,7222,,,,@O땔
,,2050,,,,
,,1864,,,,@u
,,7297,,,,@
,,1385,,,,ꍜ
,,7296,,,,@w
,,1865,,,,@
,,5163,,,,т܂
,,8036,,,,a
,,3142,,,,aI
,,1866,,,,@
,,7295,,,,@
,,5164,,,,т
,,1724,,,,@܊
,,7131,,,,t@[^[
,,7549,,,,t@xɂ
,,7051,,,,sS
,,7539,,,,sS^
,,7052,,,,sS
,,7224,,,,sK
,,1097,,,,
,,7456,,,,
,,1267,,,,o
,,1735,,,,o_op
,,1793,,,,o
,,1936,,,,Ί
,,5165,,,,
,,7225,,,,ݐÖ
,,7053,,,,G
,,7318,,,,G^
,,1513,,,,_o
,,1268,,,,t
,,1269,,,,t
,,1270,,,,t玿
,,5166,,,,
,,2051,,,,
,,1363,,,,哮
,,1514,,,,
,,1867,,,,@o
,,1098,,,,
,,1271,,,,H
,,1364,,,,哮
,,1099,,,,
,,8269,,,,ǐZ
,,1272,,,,
,,8037,,,,sS
,,1937,,,,t
,,7375,,,,t
,,5167,,,,tNe
,,1919,,,,Uq
,,5168,,,,sǐ
,,1100,,,,
,,1273,,,,啔
,,1581,,,,啔
,,2059,,,,
,,3143,,,,Ԃǂې
,,1577,,,,Ԃǂ
,,5169,,,,
,,5170,,,,I
,,3144,,,,ې
,,7519,,,,v`i܊
,,7226,,,,o
,,7227,,,,o
,,7228,,,,oO
,,7457,,,,
,,5171,,,,
,,5172,,,,ǐ
,,3145,,,,
,,2052,,,,Ǒ
,,2053,,,,
,,5173,,,,Ӊ
,,5174,,,,ό`
,,7054,,,,ϐ
,,2054,,,,Б
,,1868,,,,G
,,5175,,,,G
,,5176,,,,Жა
,,7458,,,,`
,,1515,,,,DH
,,1101,,,,D
,,3146,,,,ː
,,7466,,,,ː
,,3147,,,,ː
,,7285,,,,ːÖ@ɔ
,,5177,,,,v]
,,3148,,,,v]
,,7578,,,,
,,1578,,,,
,,5178,,,,s
,,8038,,,,
,,4042,,,,쐫
,,7501,,,,zẻA
,,7502,,,,ze̗z
,,3149,,,,z
,,7229,,,,{
,,3150,,,,{Ԑ
,,1938,,,,N
,,8270,,,,NZ
,,5179,,,,T
,,1579,,,,TH
,,7274,,,,
,,1102,,,,w
,,7459,,,,O]
,,1287,,,,wߍ
,,7460,,,,wΗ
,,1288,,,,wߍ
,,7462,,,,]
,,7461,,,,w]
,,1289,,,,wߍ
,,8078,,,,̎
,,7132,,,,}C{[B
,,3151,,,,]
,,8039,,,,
,,2055,,,,
,,7230,,,,
,,1516,,,,_o
,,5180,,,,_o
,,5181,,,,
,,1683,,,,ߍ
,,1158,,,,[
,,5182,,,,ა
,,4043,,,,
,,4044,,,,ᇐ
,,7249,,,,
,,4045,,,,d
,,4046,,,,Ĕ
,,5183,,,,ᝉ
,,4047,,,,\ݐ
,,2056,,,,E
,,2061,,,,E
,,1111,,,,E{
,,2001,,,,E
,,2062,,,,E
,,1110,,,,E{
,,1639,,,,ESw
,,1091,,,,Eg
,,7288,,,,ԕ
,,7532,,,,Â
,,7593,,,,j
,,1725,,,,
,,3152,,,,ݐ
,,5184,,,,ې
,,5185,,,,Ff
,,5186,,,,L
,,5187,,,,ɐ
,,5188,,,,
,,5189,,,,͐
,,1517,,,,_o
,,5190,,,,H
,,1274,,,,bPe
,,5191,,,,эE
,,1275,,,,Ӓ
,,7231,,,,т̂
,,7232,,,,є
,,7233,,,,ѕ
,,1726,,,,Ԗ
,,1727,,,,їl
,,7234,,,,厕
,,1365,,,,喬
,,8271,,,,喬Z
,,4048,,,,
,,7235,,,,Ԑ
,,7550,,,,ܐ
,,3153,,,,򕨐
,,3154,,,,򕨒Ő
,,5192,,,,[CO
,,1282,,,,Lꍜ
,,5193,,,,Lɐ
,,1281,,,,L
,,7237,,,,HO땔
,,1276,,,,H啔
,,7376,,,,V
,,3155,,,,A
,,5194,,,,
,,1029,,,,
,,5195,,,,n
,,7516,,,,y]^
,,1518,,,,_op
,,6021,,,,c
,,6022,,,,c^
,,1563,,,,֐
,,1383,,,,
,,1684,,,,
,,1380,,,,ŉˋN
,,1382,,,,ŞˋN
,,1381,,,,œˋN
,,1580,,,,w
,,1103,,,,
,,7170,,,,w
,,3156,,,,nAې
,,7377,,,,ˉ{
,,7391,,,,\hڎ
,,5196,,,,
,,1939,,,,
,,3157,,,,
,,1940,,,,
,,3158,,,,E}`
,,5197,,,,E}`l
,,7463,,,,
,,1141,,,,Xt֐
,,1567,,,,
,,3159,,,,s
,,3160,,,,Y
,,2057,,,,
,,7607,,,,A
,,7275,,,,H`
,,5198,,,,ǐ
,,2058,,,,
,,7497,,,,
,,3161,,,,ҋې
,,3162,,,,Ҏ
,,1366,,,,p
,,5199,,,,p
,,1367,,,,p
,,1368,,,,pB
,,5200,,,,
,,1728,,,,܊
,,7238,,,,܍
,,1729,,,,܏
,,8040,,,,ގ
,,1730,,,,ܑB
,,1731,,,,܂̂
,,3163,,,,Aې
,,7055,,,,J쐫
,,6023,,,,Vl
,,1519,,,,Rl
,,6025,,,,VN
,,6024,,,,VN
,,1372,,,,]
,,1104,,,,]
,,1520,,,,]Ԑ_o
,,1685,,,,]
,,1371,,,,]ˋN
,,5201,,,,hE
,,1105,,,,r
,,3164,,,,T
,,1521,,,,r_op
,,1522,,,,r
,,7464,,,,r􍜋
,,7351,,,,r
